0,1
16/03/2023 15:02,VIB: Thay đổi nhân sự HĐQT và BKS nhiệm kỳ 2023-2027
16/03/2023 13:24,VIB: Biên bản và nghị quyết của ĐHĐCĐ thường niên năm 2023
15/03/2023 10:33,"VIB sẽ trả cổ tức 15% bằng tiền và 20% bằng cổ phiếu trong năm nay, năm sau dự kiến trả trên 30%"
15/03/2023 10:07,Những con số ấn tượng được công bố tại ĐHCĐ 2023 của VIB
15/03/2023 08:52,"Sáng 15/3 VIB tổ chức ĐHCĐ 2023: Dự kiến chia cổ tức tỷ lệ 35%, bầu HĐQT và BKS nhiệm kỳ mới"
13/03/2023 08:00,"VIB: Hiệu quả kinh doanh top đầu, ĐHĐCĐ dự kiến duyệt kế hoạch cổ tức và tăng vốn"
07/03/2023 11:23,Ông nội sang tay cho các cháu số cổ phiếu ngân hàng trị giá cả nghìn tỷ đồng?
06/03/2023 15:56,VIB: Con ông Đỗ Xuân Hoàng - TV.HĐQT đã mua 27.000.000 cp
03/03/2023 16:21,VIB: Bố ông Đỗ Xuân Hoàng - TV.HĐQT đã bán 27.000.000 cp
01/03/2023 09:28,"Hàng chục nghìn tỷ cổ tức tiền mặt chuẩn bị 'đổ bộ' vào tài khoản cổ đông Đức Giang, Kido, Vinamilk, Nova Consumer... và các ngân hàng"
24/02/2023 14:49,VIB: Nghị quyết HĐQT v/v thông qua hợp đồng giữa VIB và VIB AMC
24/02/2023 10:35,"VIB dự kiến chia cổ tức tiền mặt tỷ lệ 15%, thưởng cổ phiếu 20% cho cổ đông trong năm nay"
22/02/2023 09:43,VIB: CBTT về họp ĐHĐCĐ thường niên năm 2023
15/02/2023 09:53,VIB: Giải trình biến động LNST tại BCTC kiểm toán năm 2022
09/02/2023 17:21,VIB: Con ông Đặng Văn Sơn - Phó CT.HĐQT đã mua 3.500.000 cp
08/02/2023 13:47,"VIB: 9.2.2023, ngày GDKHQ chi trả tạm ứng cổ tức năm 2022 (1.000 đ/cp)"
03/02/2023 21:31,"Con gái Phó Chủ tịch VIB đăng ký mua 3,5 triệu cổ phiếu"
02/02/2023 16:06,VIB: Con ông Đặng Văn Sơn - Phó CT.HĐQT đăng ký mua 3.500.000 cp
01/02/2023 09:53,VIB chi hơn 2.100 tỷ tạm ứng cổ tức tiền mặt vào ngày 3/3
31/01/2023 16:25,VIB: Nghị quyết HĐQT v/v phê duyệt thực hiện phương án tạm ứng cổ tức bằng tiền mặt năm 2022
31/01/2023 14:57,REE bất ngờ gom 38 triệu cổ phiếu VIB?
30/01/2023 21:25,"Toàn cảnh KQKD ngân hàng năm 2022: Cập nhật MB, SHB, VPBank, ACB, HDBank, Techcombank, Sacombank,..."
30/01/2023 08:18,"Đầu năm mới, ông nội muốn sang tay cho cháu số cổ phiếu 1 ngân hàng trị giá hơn 650 tỷ đồng?"
27/01/2023 17:18,VIB: Giao dịch cổ phiếu của NLQ đến ông Đỗ Xuân Hoàng - TV.HĐQT
19/01/2023 16:56,VIB: Báo cáo tình hình quản trị công ty năm 2022
19/01/2023 16:37,VIB: Giải trình biến động LNST quý 4/2022 so với cùng kỳ năm trước
18/01/2023 10:30,"VIB: Lợi nhuận năm 2022 tăng 32%, ROE liên tục đạt trên 30%"
12/01/2023 13:28,"VIB: 9.2.2023, ngày GDKHQ tổ chức ĐHĐCĐ thường niên năm 2023"
09/01/2023 15:30,Cú hích của VIB vào thị trường mua sắm online
04/01/2023 10:42,VIB: CBTT thành lập 5 chi nhánh
03/01/2023 17:48,VIB: Ngày ĐKCC để thực hiện quyền tham dự họp ĐHĐCĐ thường niên năm 2023
03/01/2023 08:00,VIB ra mắt thẻ đồng thương hiệu LazCard hoàn đến 50% trên Lazada
30/12/2022 09:38,VIB: CBTT ký hợp đồng kiểm toán
29/12/2022 10:29,VIB: Thay đổi địa điểm Chi nhánh Quận 11
28/12/2022 08:00,VIB đứng đầu Top các ngân hàng hiệu quả nhất năm 2022
27/12/2022 08:09,"Ngân hàng số MyVIB cán mốc 2,5 triệu người dùng trong năm 2022"
23/12/2022 17:02,VIB: Ông Trần Nhất Minh - Phó TGĐ đã mua 100.000 cp
23/12/2022 15:48,VIB: Biên bản kiểm phiếu và Nghị quyết ĐHĐCĐ v/v lấy ý kiến cổ đông bằng văn bản - Điều lệ
20/12/2022 12:26,Phó Tổng Giám đốc VIB đã mua 330.000 cổ phiếu
19/12/2022 17:27,VIB: Ông Hồ Vân Long - Phó TGĐ đã mua 330.000 cp
16/12/2022 08:52,VIB dành nhiều ưu đãi cho khách hàng dịp cuối năm
15/12/2022 07:53,VIB và ACB vượt trội top ngân hàng Châu Á & Úc về hiệu quả và tăng trưởng
07/12/2022 07:40,Thêm ngân hàng giảm lãi suất cho khách hàng vay kinh doanh
06/12/2022 13:36,VIB: Phiếu lấy ý kiến cổ đông bằng văn bản
06/12/2022 13:36,"VIB: Đề cử, ứng cử HĐQT, BKS"
05/12/2022 13:48,VIB: Vợ ông Trần Nhất Minh - Phó TGĐ đã bán 144.200 cp
30/11/2022 17:45,VIB: Nộp đủ số tiền thuế theo quyết định của cơ quan thuế
30/11/2022 15:44,"VIB bổ sung thuế 9,7 tỷ đồng cho 3 năm 2019, 2020 và 2021"
28/11/2022 10:14,"Tới quý 3/2022, VIB tăng trưởng 1 triệu khách hàng chất lượng mới"
25/11/2022 08:00,VIB: chiến lược số hóa xoay quanh '3-first'
24/11/2022 11:21,"Chỉ trong 3 tháng, VIB ghi nhận thêm 210.000 khách hàng Sapphire"
23/11/2022 13:26,"VIB: 28.11.2022, ngày GDKHQ thực hiện quyền đề cử, ứng cử nhân sự"
23/11/2022 13:24,VIB: Hủy ngày ĐKCC để thực hiện quyền tại thông báo số 2047/TB-SGDHCM ngày 15/11/2022
22/11/2022 14:45,Ba bước nộp thuế dễ dàng qua tài khoản VIB
22/11/2022 10:12,Gửi tiết kiệm trên MyVIB 2.0 được hoàn tiền và nhận ngay thẻ tín dụng
21/11/2022 14:51,VIB: Nghị quyết HĐQT v/v tăng vốn điều lệ và sửa đổi điều lệ công ty con
18/11/2022 16:36,"VIB: Nghị quyết, Biên bản kiểm phiếu ĐHĐCĐ lấy ý kiến cổ đông bằng văn bản và điều lệ công ty"
18/11/2022 09:07,"VIB: Hủy ngày ĐKCC chốt DSCĐ để thực hiện quyền bầu nhân sự Thành viên HĐQT, BKS"
17/11/2022 08:00,VIB có thể sẽ nới room ngoại đến 30%
16/11/2022 13:46,VIB: Ông Trần Nhất Minh - Phó TGĐ đăng ký mua 2.000.000 cp
16/11/2022 13:30,VIB có thể sẽ nới room ngoại đến 30%
16/11/2022 11:28,VIB: Nghị quyết HĐQT quyết định ngày ĐKCC chốt danh sách cổ đông lấy ý kiến
16/11/2022 11:23,"VIB: 21.11.2022, ngày GDKHQ chốt danh sách cổ đông thực hiện quyền bầu cử"
16/11/2022 11:13,"VIB: CBTT thay đổi ngày ĐKCC chốt đề cử ứng cử HĐQT, thành viên BKS"
14/11/2022 17:52,VIB: Ông Hồ Vân Long - Phó TGĐ đăng ký mua 1.500.000 cp
14/11/2022 09:00,Lãnh đạo VIB: Lên kế hoạch trình phương án chia cổ tức tiền mặt có thể lên tới 35%
09/11/2022 17:04,VIB: Vợ ông Trần Nhất Minh - Phó TGĐ đã bán 60.000 cp
09/11/2022 17:03,VIB: Công văn của NHNN v/v chấp thuận cho VIB thay đổi tên và địa điểm Chi nhánh Đồng Tháp
09/11/2022 13:51,"VIB: Trích Nghị quyết HĐQT về ngày ĐKCC chốt DSCĐ để thực hiện quyền ứng cử, đề cử nhân sự"
07/11/2022 13:30,VIB nhận giải ngân khoản vay 150 triệu USD từ IFC
04/11/2022 08:28,VIB và Lazada tặng loạt ưu đãi tiền triệu cho người dùng
03/11/2022 17:28,VIB: Con ông Đỗ Xuân Hoàng - TV.HĐQT đã mua 4.000.000 cp
03/11/2022 17:26,VIB: Bố ông Đỗ Xuân Hoàng - TV.HĐQT đã bán 4.000.000 cp
31/10/2022 10:11,VIB: Giải trình chênh lệch lợi nhuận sau thuế quý 3/2022 so với quý 3/2021
28/10/2022 10:03,VIB: Link công bố tài liệu lấy ý kiến cổ đông bằng văn bản
27/10/2022 13:45,Tại sao GenZ chọn ngân hàng số MyVIB 2.0?
11/10/2022 08:00,VIB công bố KQKD 9 tháng năm 2022: Hiệu quả và an toàn vượt trội
07/10/2022 15:48,"VIB: 19.10.2022, ngày GDKHQ lấy ý kiến cổ đông bằng văn bản"
06/10/2022 07:54,Chi tiêu qua thẻ ghi nợ nhiều ưu đãi và tiện ích
04/10/2022 13:30,VIB đến gần hơn với người trẻ qua The Masked Singer
30/09/2022 07:35,Quản lý và bảo mật thẻ an toàn với MyVIB 2.0 - ngân hàng hơn cả số
29/09/2022 17:39,VIB: NLQ đến ông Đỗ Xuân Hoàng - TV.HĐQT thông báo giao dịch cp
28/09/2022 16:45,VIB: Công bố thông tin ngày ĐKCC
27/09/2022 10:55,Giải mã chuyên gia tài chính ảo Vie qua cuộc trò chuyện đầu tiên với GenZ
22/09/2022 09:49,MyVIB  2.0 nâng tầm trải nghiệm với nhiều tiện ích miễn phí và ưu đãi hấp dẫn
21/09/2022 17:55,VIB: Quyết định của NHNN v/v thay đổi nội dung về Giấy phép thành lập và hoạt động
21/09/2022 11:39,Bí quyết mua sắm rảnh tay của người nội trợ 4.0
17/09/2022 11:02,"Sở hữu ngay iPhone 14 trả góp 0% lãi suất, nhận ưu đãi tiền triệu"
14/09/2022 20:50,Trò chuyện thật với chuyên gia tài chính ảo Vie lần đầu tiên trong The Money Date
10/09/2022 09:10,"Trải nghiệm đặc biệt thú vị cho khách bay, nhất là khi hoãn chuyến"
07/09/2022 17:31,VIB: Công văn của NHNN chi nhánh Tỉnh Quảng Ngãi chấp thuận thay đổi địa điểm Chi nhánh Quảng Ngãi
05/09/2022 07:32,Những công nghệ nổi trội của Ngân hàng số MyVIB 2.0
30/08/2022 08:24,Hoàn 500.000đ cho khách hàng mới khi trải nghiệm bộ sản phẩm dịch vụ tại VIB
23/08/2022 08:22,Mua bảo hiểm sức khỏe cá nhân: Chỉ với một chạm
22/08/2022 08:00,Forbes: Điểm danh 7 ngân hàng niêm yết hàng đầu Việt Nam 2022
18/08/2022 14:17,Bí quyết tay hòm chìa khóa trước mọi biến động giá tiêu dùng
17/08/2022 13:22,Cẩm nang ‘hướng dẫn sử dụng mùa hè’ trước khi hết hạn
11/08/2022 09:23,VIB: Giấy chứng nhận đăng ký doanh nghiệp thay đổi lần thứ 37
09/08/2022 16:59,VIB: Công văn của NHNN về việc chấp thuận thay địa điểm hoạt động Chi nhánh VIB Nhà Bè
08/08/2022 16:57,VIB: Công văn của NHNN chi nhánh TP.HCM chấp thuận thay đổi địa chỉ Chi nhánh và Phòng giao dịch
04/08/2022 17:47,VIB: Giải trình biến động LNST BCTC soát xét bán niên năm 2022 so với cùng kỳ năm trước
29/07/2022 14:05,VIB: Báo cáo tình hình quản trị công ty 6 tháng đầu năm 2022
26/07/2022 10:00,Lần đầu tiên VIB ra mắt chuyên gia tài chính ảo Vie
25/07/2022 17:19,VIB: Vợ ông Trần Nhất Minh - Phó TGĐ đã bán 355.000 cp
25/07/2022 11:00,Các từ khóa cho ngân hàng số hiện đại
20/07/2022 17:33,VIB: Giải trình biến động LNST quý 2/2022 so với cùng kỳ năm trước
20/07/2022 08:00,"VIB: Lợi nhuận 6 tháng đạt hơn 5.000 tỷ, tăng 27% so với cùng kỳ"
18/07/2022 08:00,Xin cảm ơn! Nửa triệu thẻ tín dụng VIB đã có mặt tại Việt Nam!
15/07/2022 08:00,VIB phá kỷ lục của các đối tác Mastercard tại Châu Á Thái Bình Dương
08/07/2022 17:47,VIB: Quyết định của NHNNVN v/v sửa đổi nội dung vốn điều lệ tại Giấy phép thành lập và hoạt động
06/07/2022 17:26,VIB: Giao dịch 554.529.952 cp niêm yết bổ sung
06/07/2022 17:20,"VIB: 8.7.2022, niêm yết bổ sung 554.529.952 cp"
06/07/2022 16:55,VIB: TCông văn của NHNN về việc chấp thuận thay địa điểm hoạt động Chi nhánh Nhà Bè của VIB
24/06/2022 17:32,VIB: Công văn của NHNN chi nhánh TP.HCM chấp thuận thay đổi địa điểm chi nhánh Hóc Môn
23/06/2022 08:00,Ngân hàng đầu tiên tại Việt Nam triển khai nền tảng CDP của SAP
22/06/2022 17:14,VIB: Vợ ông Trần Nhất Minh - Phó TGĐ đã bán 355.000 cp
21/06/2022 10:00,Khám phá tính năng của ứng dụng ngân hàng số vừa nhận 2 kỷ lục Việt Nam
20/06/2022 17:05,VIB: Vợ ông Trần Nhất Minh - Phó TGĐ đăng ký bán 355.001 cp
20/06/2022 16:15,VIB: Vợ ông Trần Nhất Minh - Phó TGĐ đã bán 1.633.800 cp
17/06/2022 09:15,Miễn phí trọn bộ trên MyVIB 2.0 - ứng dụng ngân hàng hơn cả số
16/06/2022 17:25,VIB: Quyết định của NHNN CN tỉnh Tiền Giang  v/v chấp thuận thay đổi địa điểm hoạt động VIB Tiền Giang
10/06/2022 08:00,4 điều thú vị cha mẹ có thể tặng con hè này
08/06/2022 16:58,VIB: Quyết định thành lập chi nhánh VIB Nhà Bè
07/06/2022 17:30,"Chuyển nhượng tiền gửi chỉ trong vài phút, bạn đã thử?"
06/06/2022 13:30,Tặng ưu đãi trị giá đến 800.000 đồng cho người dùng MyVIB 2.0
02/06/2022 09:04,VIB: Làm rõ thông tin tại báo cáo kết quả phát hành
01/06/2022 15:58,VIB: Ông Ân Thanh Sơn - Phó TGĐ đã nhận thưởng 222.222 cp
01/06/2022 15:57,VIB: Ông Hàn Ngọc Vũ - TGĐ đã nhận thưởng 28.857 cp
01/06/2022 15:57,VIB: Ông Hồ Vân Long - Phó TGĐ đã nhận thưởng 193.365 cp
01/06/2022 15:56,VIB: Bà Phạm Thị Minh Huệ - Kế toán trưởng đã nhận 202.218 cp thưởng
01/06/2022 15:54,VIB: Ông Trần Nhất Minh - Phó TGĐ đã nhận 217.365 cp thưởng
01/06/2022 15:53,VIB: Đại diện cho cán bộ nhân viên VIB đề nghị lưu ký cổ phiếu tại VSD
01/06/2022 15:46,VIB: Quyết định của HĐQT v/v xử lý cổ phần lẻ phát sinh trong đợt chia cổ phiếu thưởng cho CĐHH
31/05/2022 13:39,VIB: Đã phát hành 10.930.000 cp ESOP
31/05/2022 13:38,VIB: Số lượng cổ phiếu có quyền biểu quyết đang lưu hành là 2.107.672.945 cp
31/05/2022 13:37,VIB: Đã phát hành 543.599.952 cp để tăng vốn cổ phần từ nguồn vốn chủ sở hữu
30/05/2022 08:00,MyVIB 2.0 - Ngân hàng số đầu tiên tích hợp AR và Cloud – native
27/05/2022 13:30,"​Hành trình đổi mới, sáng tạo của Ngân hàng số MyVIB"
24/05/2022 16:04,VIB: Thông báo giao dịch cổ phiếu ESOP của Người nội bộ
23/05/2022 08:00,MyVIB được vinh danh là ứng dụng Ngân hàng di động tốt nhất Việt Nam
16/05/2022 17:39,VIB: Công văn của UBCKNN về tỷ lệ sở hữu tối đa của nhà đầu tư nước ngoài tối đa tại VIB
16/05/2022 15:38,VIB: Vợ ông Trần Nhất Minh - Phó TGĐ đăng ký bán 1.900.000 cp
10/05/2022 17:40,VIB: Phát hành cổ phiếu theo chương trình lựa chọn cho người lao động trong công ty
10/05/2022 17:25,VIB: Công văn của NHNN về việc chấp thuận thay địa điểm đặt trụ sở Chi nhánh VIB Hải Phòng
09/05/2022 17:45,"VIB: 13.5.2022, ngày GDKHQ nhận cổ phiếu thưởng (tỷ lệ 100:35)"
09/05/2022 13:28,VIB: Khai trương chi nhánh VIB Bình Chánh
09/05/2022 13:20,"Moody's: Lợi nhuận ngân hàng Việt Nam tăng trưởng bất chấp đại dịch, sẽ cải thiện hơn nữa trong năm 2022"
07/05/2022 07:49,Giao dịch ngân hàng tiện lợi với VIB
05/05/2022 14:09,5 lý do người trẻ nên có ít nhất 1 chiếc thẻ tín dụng trong ví
04/05/2022 16:30,VIB: Vợ ông Đặng Văn Sơn - Phó CT.HĐQT đã bán 2.315.600 cp
01/05/2022 09:41,VIB chuẩn bị chia cổ phiếu thưởng tỷ lệ 35%
29/04/2022 10:38,VIB: Giải trình biến động LNST quý 1/2022 so với cùng kỳ năm trước
29/04/2022 06:08,Lựa chọn chứng chỉ tiền gửi để tối ưu lợi ích và dòng vốn kinh doanh
28/04/2022 15:40,"Gia đình 5 người chi tiêu 44 triệu/tháng, sẽ tiết kiệm hơn nhiều với thẻ tín dụng"
27/04/2022 17:52,VIB: Phát hành cổ phiếu để tăng vốn cổ phần từ nguồn vốn chủ sở hữu
27/04/2022 17:36,VIB: Quyết định của HĐQT về ngày ĐKCC chốt danh sách cổ đông để hưởng quyền nhận cổ phiếu thưởng
27/04/2022 10:29,Vợ Phó tổng giám đốc VIB vừa mua 800 nghìn cổ phiếu
27/04/2022 08:00,"VIB lãi gần 2.300 tỷ trong quý 1, hiệu quả top đầu ngành"
26/04/2022 15:17,VIB: Vợ ông Trần Nhất Minh - Phó TGĐ đã mua 800.000 cp
26/04/2022 15:09,Tip săn vé - đặt phòng cho chuyến du lịch nước ngoài của bạn
22/04/2022 09:22,4 khác biệt lớn của thẻ tín dụng xưa và nay
20/04/2022 11:50,Nguyên tắc 50/30/20 và việc tiết kiệm bao nhiêu là hợp lý?
19/04/2022 15:09,VIB: Công văn của NHNN v/v chấp thuận cho VIB tăng vốn điều lệ
19/04/2022 14:58,VIB: Khai trương hoạt động chi nhánh Hưng Phú
15/04/2022 10:42,"Nhiều cổ phiếu ngân hàng được giới phân tích đưa ra giá mục tiêu cao, upside tăng giá hàng chục %"
14/04/2022 16:10,VIB: Công văn của NHNN về việc chấp thuận thay địa điểm hoạt động Chi nhánh Bình Chánh
13/04/2022 15:21,VIB: Công văn của NHNN về việc chấp thuận thay địa điểm hoạt động Chi nhánh Hưng Phú
09/04/2022 10:20,"Ngày chia thưởng đến gần, Phó Tổng VIB hoàn thành mua lượng lớn cổ phiếu"
08/04/2022 17:51,VIB: Ông Trần Nhất Minh - Phó TGĐ đã mua 800.000 cp
08/04/2022 14:36,Bạn đồng hành đắc lực để cha mẹ giúp con vững bước tới tương lai
07/04/2022 11:20,"Cổ phiếu ngân hàng đỡ thị trường, vốn hóa VPBank vượt Techcombank"
06/04/2022 09:20,Gửi tiết kiệm online: Tạo thói quen giao dịch tài chính thông minh
31/03/2022 06:14,"VIB vừa bật tăng mạnh, vợ Phó chủ tịch đăng ký bán 3 triệu cổ phiếu"
30/03/2022 15:43,VIB: Vợ ông Đặng Văn Sơn - Phó CT.HĐQT đăng ký bán 3.000.000 cp
30/03/2022 10:10,Sống phong cách với loạt đặc quyền đẳng cấp từ thẻ tín dụng VIB
29/03/2022 14:19,Yếu tố nào giúp VIB đảo chiều tăng mạnh phiên 29/3?
29/03/2022 10:55,2 ngân hàng muốn gia nhập 'câu lạc bộ' lợi nhuận chục nghìn tỷ
23/03/2022 09:12,"Trước thềm VIB chia thưởng, vợ Phó Tổng đăng ký mua một lượng lớn cổ phiếu"
23/03/2022 08:56,Gửi tiết kiệm vẫn là kênh đầu tư hiệu quả và an toàn
22/03/2022 15:06,VIB: Vợ ông Trần Nhất Minh - Phó TGĐ đăng ký mua 800.000 cp
21/03/2022 08:00,VIB huy động thành công 260 triệu USD khoản vay hợp vốn quốc tế
19/03/2022 07:19,"Ngân hàng đầu tiên triển khai kế hoạch chia thưởng năm 2022, tỷ lệ tới 35%"
18/03/2022 14:50,VIB: Nghị quyết HĐQT v/v tăng vốn điều lệ
18/03/2022 07:35,Vì sao VIB đặt mục tiêu tăng trưởng tín dụng cao cho 2022?
17/03/2022 12:47,VIB: Nghị quyết và Biên bản ĐHĐCĐ thường niên 2022
16/03/2022 10:30,"VIB đang lãi trên 1.000 tỷ mỗi tháng, kỳ vọng lợi nhuận tỷ USD trong 5 năm tới"
16/03/2022 10:20,"ĐHCĐ VIB: Dự kiến lãi hơn 10.000 tỷ, chốt chia cổ phiếu thưởng tỷ lệ 35%, tự tin mục tiêu ngân hàng bán lẻ hàng đầu"
15/03/2022 13:30,Người dùng Việt đã có thể mở thẻ thực trong thế giới ảo
15/03/2022 07:35,"Credit Suisse gọi tên 6 mã ngân hàng nổi bật, VIB được định giá ở mức 7x nhờ chiến lược cho vay bán lẻ hiệu quả"
11/03/2022 13:08,Những điều chưa được bật mí từ dòng thẻ VIB Online Plus 2in1
11/03/2022 09:06,"Cách nhận ưu đãi quanh năm đến 30% chi tiêu ẩm thực, mua sắm, du lịch"
03/03/2022 16:49,"Nhiều cổ phiếu ngân hàng ''quay xe'' tăng vọt phiên chiều 3/3, khối ngoại nhanh tay vào bắt đáy"
03/03/2022 10:51,"Giữa lúc cổ phiếu ngân hàng đỏ lửa, Sếp VIB đăng ký mua vào 800.000 cổ phiếu"
02/03/2022 16:03,VIB: Ông Trần Nhất Minh - Phó TGĐ đăng ký mua 800.000 cp
02/03/2022 14:03,Du lịch mùa dịch thêm an toàn nhờ VIB
02/03/2022 10:41,VIB: Ông Lê Quang Trung thôi làm Phó TGĐ từ 1.3.2022
25/02/2022 08:00,Xu hướng lấy khách hàng làm trung tâm của thanh toán không tiền mặt
25/02/2022 07:56,"Lợi ích khi đóng học phí, chi tiêu cho con qua thẻ VIB Family Link"
24/02/2022 14:21,VIB: Nghị quyết HĐQT phê duyệt kế hoạch phát hành Giấy tờ có giá
24/02/2022 08:00,"Mở tài khoản số đẹp VIB Digi đúng ý, nhận ngay 500k quà tặng cực chất"
23/02/2022 09:05,"VIB: Thời gian, địa điểm và link cung cấp tài liệu họp ĐHĐCĐ thường niên 2022"
23/02/2022 08:00,"Tăng trưởng bền vững, hiệu quả top đầu ngành, VIB dự kiến chia cổ tức 35%"
21/02/2022 13:30,3 cách giúp tay hòm chìa khóa 'tiền đẻ ra tiền'
21/02/2022 08:00,VIB nhận giải thưởng Tăng trưởng nhanh nhất về tài trợ thương mại từ IFC
17/02/2022 22:28,Nhờ đâu cổ phiếu ngân hàng đồng loạt 'khởi nghĩa'?
17/02/2022 10:50,Chủ ôtô nhân đôi lợi ích với thẻ VIB Happy Drive trước tăng biến động giá xăng
16/02/2022 09:03,VIB: Giải trình chênh lệch lợi nhuận sau thuế năm 2021 kiểm toán so với năm 2020
12/02/2022 10:02,Tip chi tiêu mùa Valentine từ ‘tín đồ’ thẻ tín dụng
11/02/2022 17:00,VIB: Giấy chứng nhận đăng ký doanh nghiệp thay đổi lần thứ 36
11/02/2022 08:00,"Bán lẻ thuộc top đầu ngành, VIB tiếp tục bứt phá với số hóa"
10/02/2022 08:00,Mẹo gửi tiết kiệm hiệu quả
09/02/2022 17:07,VIB: Ông Lê Quang Trung - Phó TGĐ đã bán 400.000 cp
08/02/2022 15:02,Vì sao khối ngoại tích cực ''gom'' cổ phiếu ngân hàng trong những ngày đầu năm?
08/02/2022 13:30,Tạp chí NCĐT: VIB dẫn đầu ngành ngân hàng trong TOP50
08/02/2022 11:06,"Phó Tổng Giám đốc VIB bán xong gần 1,4 triệu cổ phiếu"
07/02/2022 14:28,VIB: Ông Ân Thanh Sơn - Phó TGĐ đã bán 1.368.900 cp
30/01/2022 08:33,"Hệ sinh thái thẻ tín dụng VIB, giải pháp thông minh cho chi tiêu mùa Tết"
28/01/2022 17:50,VIB: Báo cáo tình hình quản trị công ty năm 2021
26/01/2022 19:35,"Nhân sự đạt gần vạn người, lợi nhuận tăng liên tục qua các năm, 'nhà VIB' đang có thu nhập thế nào?"
26/01/2022 16:06,VIB: Giải trình biến động LNST quý 4/2021 so với cùng kỳ năm trước
26/01/2022 13:47,"VIB: 14.2.2022, ngày GDKHQ tổ chức ĐHĐCĐ thường niên năm 2022"
25/01/2022 12:15,"Gửi tiền đầu năm, nhận ngay “Tài” – “An” – “Lộc” từ VIB"
20/01/2022 08:00,"VIB công bố KQKD năm 2021, lợi nhuận vượt 8.000 tỷ đồng, tăng trưởng 38%"
17/01/2022 17:27,VIB: Quyết định về ngày ĐKCC để chốt danh sách cổ đông tham dự họp ĐHĐCĐ thường niên năm 2022
13/01/2022 15:12,VIB: Vợ ông Ân Thanh Sơn - Phó TGĐ đã mua 300.000 cp
12/01/2022 16:50,"Dự báo lợi nhuận quý 4: MB, Techcombank và BIDV tăng mạnh, ACB, Vietcombank và VietinBank sụt giảm"
08/01/2022 13:00,Phó Tổng giám đốc VIB muốn bán gần hết cổ phiếu khi giá đang ở vùng cao nhất 5 tháng
08/01/2022 10:08,Bí quyết mua sắm tự động chuyển đổi trả góp 0% lãi suất với thẻ VIB Zero Interest Rate
07/01/2022 15:18,VIB: Ông Lê Quang Trung - Phó TGĐ đăng ký bán 400.000 cp
31/12/2021 07:35,Ông nội đã sang tay cho cháu số tài sản 750 tỷ đồng từ cổ phiếu VIB?
30/12/2021 11:34,VIB: Vợ ông Ân Thanh Sơn - Phó TGĐ đăng ký mua 300.000 cp
30/12/2021 11:31,VIB: NLQ đến ông Đỗ Xuân Hoàng - TV.HĐQT báo cáo kết quả giao dịch
29/12/2021 16:42,VIB: Ông Ân Thanh Sơn - Phó TGĐ đăng ký bán 1.500.000 cp
29/12/2021 08:00,VIB và hành trình trở thành Ngân hàng bán lẻ hàng đầu Việt Nam
22/12/2021 19:57,Ông nội muốn sang tay số cổ phiếu VIB trị giá gần 800 tỷ cho cháu trai?
22/12/2021 16:12,VIB: Con ông Đỗ Xuân Hoàng - TV.HĐQT đăng ký mua 17.900.000 cp
22/12/2021 16:10,VIB: Bố ông Đỗ Xuân Hoàng - TV.HĐQT đăng ký bán 17.900.000 cp
22/12/2021 10:35,Chủ thẻ tín dụng VIB được giảm đến 63% các sản phẩm điện tử Samsung
20/12/2021 07:08,"Bắt nhịp mùa bóng AFF Suzuki Cup, ngân hàng VIB “ra sân” với chiến dịch quảng cáo thẻ sáng tạo"
17/12/2021 13:30,Ngân hàng Bán lẻ - Động lực bứt phá của ngành ngân hàng
16/12/2021 13:30,Động lực nào mang lại sự bứt phá cho ngành ngân hàng Việt Nam?
15/12/2021 13:30,Talkshow 'Ngân hàng bán lẻ - Động lực bứt phá của ngành Ngân hàng'
08/12/2021 08:49,"Mở tài khoản VIB Digi, sở hữu số riêng đúng ý"
30/11/2021 11:00,VIB: Công văn của Ngân hàng Nhà nước Việt Nam v/v chấp thuận thay đổi địa điểm Chi nhánh Gò Vấp
29/11/2021 16:15,VIB đồng hành cổ vũ đội tuyển Việt Nam tại AFF Suzuki Cup 2020
22/11/2021 17:10,VIB: Chị dâu ông Đặng Văn Sơn - Phó CT.HĐQT đã bán 3.056.200 cp
22/11/2021 17:01,"Cổ phiếu giảm 18% kể từ đầu tháng 6 tới nay, cổ đông VIB bác kế hoạch tăng vốn điều lệ thêm 10%"
22/11/2021 14:07,VIB: Biên bản và Nghị quyết ĐHĐCĐ v/v lấy ý kiến cổ đông bằng văn bản
22/11/2021 14:06,VIB: Bổ nhiệm lại chức vụ Tổng Giám đốc đối với ông Hàn Ngọc Vũ từ 20.11.2021
15/11/2021 17:30,VIB: Công văn của NHNN v/v chấp thuận thay đổi địa điểm đặt trụ sở VIB chi nhánh Thái Bình
05/11/2021 13:30,VIB kỳ vọng bứt phá tăng trưởng trong quý 4
05/11/2021 06:48,Đã có hơn 50 doanh nghiệp trên sàn chứng khoán báo lãi vượt nghìn tỷ sau 3 quý
03/11/2021 07:18,Covid-19 thúc đẩy trào lưu buy now pay later
30/10/2021 09:20,Lộ diện TOP 10 ngân hàng lãi cao nhất 9 tháng đầu năm 2021: Có tới 6 nhà băng đạt trên 10.000 tỷ
29/10/2021 19:45,VIB: Link công bố tài liệu lấy ý kiến cổ đông bằng văn bản
29/10/2021 13:50,VIB: Giải trình chênh lệch lợi nhuận sau thuế quý 3/2021 so với quý 3/2020
29/10/2021 13:30,​Covid-19 thúc đẩy thói quen chi tiêu qua thẻ
26/10/2021 17:09,VIB: Thông báo xác nhận đăng ký khoản vay nước ngoài của VIB
25/10/2021 16:25,VIB: Con ông Đặng Văn Sơn - Phó CT.HĐQT đăng ký mua 3.000.000 cp
21/10/2021 14:30,VIB: Hủy ngày ĐKCC tại Thông báo số 1742/TB-SGDHCM ngày 01/10/2021
21/10/2021 14:28,"VIB: 22.10.2021, ngày GDKHQ lấy ý kiến cổ đông bằng văn bản"
21/10/2021 09:04,Người nhà Phó chủ tịch VIB đăng ký bán hơn 3 triệu cổ phiếu
20/10/2021 17:25,VIB: Chị dâu ông Đặng Văn Sơn - Phó CT.HĐQT đăng ký bán 3.056.200 cp
20/10/2021 13:30,"9 tháng đầu năm, lợi nhuận VIB vượt 5.300 tỷ đồng, tăng trưởng 32%"
15/10/2021 13:30,Mẹo chi tiêu sinh lời của gia đình trẻ
12/10/2021 20:23,VIB: Báo cáo tình hình quản trị công ty 6 tháng đầu năm 2021 (bản cập nhật)
12/10/2021 09:52,VIB: Nghị quyết HĐQT v/v hủy ngày ĐKCC và chốt lại danh sách cổ đông thực hiện tăng VĐL
08/10/2021 16:32,Dự báo lợi nhuận quý III của 8 ngân hàng
04/10/2021 13:30,Bạn đồng hành đắc lực để chuẩn bị hành trang tương lai cho con
04/10/2021 10:03,"VIB: 12.10.2021, ngày GDKHQ lấy ý kiến cổ đông bằng văn bản"
28/09/2021 15:40,VIB: Bố vợ ông Hoàng Linh - GĐ Tài chính đã mua 989.400 cp
28/09/2021 15:39,VIB: Vợ ông Hoàng Linh - Giám đốc Tài chính đã bán 1.510.000 cp
28/09/2021 08:00,VIB hợp tác Microsoft tạo bứt phá tốc độ dịch vụ và đổi mới sáng tạo
24/09/2021 13:30,VIB và Visa cam kết đồng hành với cha mẹ vì sự phát triển toàn diện của con trẻ
24/09/2021 13:30,VIB và Visa cam kết đồng hành với cha mẹ vì sự phát triển toàn diện của con trẻ
24/09/2021 10:06,VIB: Quyết định chốt danh sách cổ đông để thực hiện lấy ý kiến cổ đông bằng văn bản
23/09/2021 17:24,"Nhiều cổ phiếu ngân hàng tăng mạnh trở lại, KLB tăng hơn 14% kèm khối lượng bùng nổ, BVB gây 'sốc'"
22/09/2021 12:35,"Đã có 51 khách hàng trúng thưởng mừng sinh nhật VIB, một người trúng xe Mercedes"
20/09/2021 15:27,"Cổ phiếu ngân hàng nổi sóng, VIB tăng kịch trần"
20/09/2021 07:56,Sở hữu xe Mercedes khi chi tiêu với thẻ thanh toán quốc tế của VIB
15/09/2021 15:02,VIB thay Giám đốc Tài chính
15/09/2021 13:30,"Lần đầu tiên, VIB hợp tác Visa ra mắt thẻ tín dụng đồng hành cùng con"
15/09/2021 11:47,VIB: Quyết định của HĐQT v/v miễn nhiệm và bổ nhiệm Người nội bộ
14/09/2021 11:06,4 ý tưởng tổ chức sinh nhật tại nhà mùa giãn cách
09/09/2021 14:57,VIB: Giấy chứng nhận đăng ký doanh nghiệp thay đổi lần thứ 35
08/09/2021 13:30,VIB lập cú đúp giải thưởng quốc tế về thẻ tín dụng
01/09/2021 09:08,5 lưu ý khi chuẩn bị cho con nhập học mùa dịch
30/08/2021 08:39,"Thanh toán hóa đơn online qua thẻ tín dụng, an toàn và tiết kiệm mùa giãn cách"
26/08/2021 10:19,"Thanh toán các khoản phí qua thẻ VIB, nhận cơ hội sở hữu xe Mercedes"
24/08/2021 18:57,VIB: Bố vợ ông Hoàng Linh - GĐ Tài chính đã mua 500.000 cp
24/08/2021 18:57,VIB: Bố vợ ông Hoàng Linh - GĐ Tài chính đăng ký mua 1.500.000 cp
24/08/2021 18:57,VIB: Vợ ông Hoàng Linh - Giám đốc tài chính đăng ký bán 2.500.000 cp
24/08/2021 11:12,VIB: Vợ ông Hoàng Linh - Giám đốc tài chính đã bán 870.000 cp
20/08/2021 18:37,Thêm người nhà Sếp ngân hàng bị phạt vì mua bán chứng khoán không công bố thông tin
18/08/2021 10:25,"Mở thẻ tín dụng tại nhà, không cần chứng minh thu nhập"
16/08/2021 15:38,VIB: Ông Nguyễn Xuân Dũng - Giám đốc khối Khách hàng Doanh nghiệp đã bán 140.000 cp
16/08/2021 15:20,VIB: Bố bà Trần Thị Thu Hương - Giám đốc báo cáo kết quả giao dịch
16/08/2021 15:20,VIB: Em rể ông Hàn Ngọc Vũ - TGĐ đã bán 306.735 cp
16/08/2021 13:30,The Banker trao giải “Đổi mới sáng tạo trong lĩnh vực Ngân hàng số năm 2021” cho VIB
13/08/2021 14:13,VIB tặng 6 xe cứu thương cho công tác phòng chống dịch tỉnh Đồng Nai
13/08/2021 14:11,VIB: Bố bà Trần Thị Thu Hương - Giám đốc đã bán 700.000 cp
13/08/2021 14:11,VIB: Quyết định của NHNN v/v sửa đổi nội dung về VĐL tại Giấy phép thành lập và hoạt động của VIB
13/08/2021 10:27,"Không chỉ được giảm giá, chi tiêu qua thẻ tín dụng VIB còn có cơ hội sở hữu xe Mercedes"
05/08/2021 10:53,VIB Mừng sinh nhật vàng – Vạn quà tri ân
04/08/2021 06:42,Hàng chục doanh nghiệp báo lãi nghìn tỷ chỉ sau nửa đầu năm 2021
03/08/2021 08:00,Các nhà phân tích đánh giá cao các trao đổi của VIB trong buổi công bố KQKD Q2.2021
02/08/2021 15:05,VIB: Bổ nhiệm ông Nguyễn Hoàng Hải làm Giám đốc khối Ngân hàng bán lẻ từ 2.8.2021
01/08/2021 20:21,"VIB lãi hợp nhất trước thuế 3.954 tỷ đồng trong 6 tháng đầu năm, tỷ lệ nợ xấu giảm xuống 1,31%"
30/07/2021 14:12,VIB: Giải trình BCTC 6 tháng đầu năm 2021 đã soát xét
30/07/2021 12:42,VIB: Giải trình chênh lệch lợi nhuận sau thuế quý 2/2021 so với quý 2/2020
29/07/2021 13:29,Đi chợ online nhận ngay 120.000 đồng mỗi ngày với VIB Online Plus 2in1
24/07/2021 10:00,"Đi chợ tại gia, an toàn mùa dịch với thẻ tín dụng VIB"
21/07/2021 13:34,"Mua sắm online, lợi ích gấp đôi với thẻ tín dụng VIB"
19/07/2021 17:03,VIB: Báo cáo tình hình quản trị công ty 6 tháng đầu năm 2021
19/07/2021 11:00,"VIB công bố kết quả kinh doanh bán niên 2021, tăng trưởng 68% so với cùng kỳ"
17/07/2021 09:05,"VIB tiếp tục giảm lãi suất bình quân 1,5%/năm cho khách hàng bị ảnh hưởng dịch Covid"
09/07/2021 17:07,VIB: Bố bà Trần Thị Thu Hương - Giám đốc đăng ký bán 3.000.000 cp
08/07/2021 13:29,Dự báo lợi nhuận 9 ngân hàng
07/07/2021 09:25,VIB: Vợ ông Đặng Văn Sơn - Phó CT.HĐQT đã mua 1.735.468 cp
06/07/2021 15:25,VIB: Ông Nguyễn Xuân Dũng - Giám đốc khối Khách hàng Doanh nghiệp đăng ký bán 200.000 cp
29/06/2021 17:28,VIB: Bà Đặng Thị Phương Diễm - Giám đốc khối đã bán 140.000 cp
29/06/2021 14:33,VIB: Miễn nhiệm chức vụ Giám đốc chuyển đổi số đối với bà Nguyễn Thị Tuyết Hà từ 30.6.2021
24/06/2021 15:06,VIB: Bà Nguyễn Thị Tuyết Hà - GĐ chuyển đổi số báo cáo kết quả giao dịch
24/06/2021 15:06,VIB: Chồng bà Nguyễn Thị Tuyết Hà - GĐ chuyển đổi số báo cáo kết quả giao dịch
21/06/2021 02:41,VIB: Chị dâu ông Đặng Văn Sơn - Phó CT.HĐQT đã bán 5.735.468 cp
21/06/2021 02:38,VIB: Nghị quyết HĐQT phê duyệt kế hoạch phát hành trái phiếu tăng vốn cấp 2 năm 2021
21/06/2021 02:34,VIB: Quyết định của HĐQT v/v xử lý cổ phần lẻ phát sinh trong đợt chia cổ phiếu thưởng cho CĐHH
18/06/2021 15:43,Người nhà Giám đốc tài chính VIB đã bán hơn 3 triệu cổ phiếu khi giá lên cao kỷ lục
18/06/2021 07:20,VIB: Bố vợ ông Hoàng Linh - GĐ Tài chính đã bán 3.000.000 cp
18/06/2021 03:12,VIB: Vợ ông Hoàng Linh - Giám đốc tài chính đã bán 279.800 cp
17/06/2021 13:59,"VIB chia cổ phiếu thưởng 40%, tăng mạnh vốn điều lệ lên hơn 15.500 tỷ đồng"
17/06/2021 06:26,VIB: Số lượng cổ phiếu có quyền biểu quyết đang lưu hành là 1.553.142.993 cp
17/06/2021 06:26,VIB: Đã phát hành 443.755.141 cp để tăng vốn cổ phần từ NVCSH
16/06/2021 10:01,VIB: Ông Trần Nhất Minh - Phó TGĐ đăng ký mua 1.000.000 cp
12/06/2021 21:01,"Giá cổ phiếu lên vùng đỉnh, người nhà lãnh đạo VIB liên tục bán ra"
11/06/2021 17:29,VIB: Em rể ông Hàn Ngọc Vũ - TGĐ đăng ký bán 1.073.235 cp
11/06/2021 17:29,VIB: Chị dâu ông Đặng Văn Sơn - Phó CT.HĐQT đã bán 5.735.468 cp
11/06/2021 12:49,Mua sắm online an toàn và hiệu quả với thẻ thanh toán
10/06/2021 17:41,VIB: Ông Tăng Hoàng Quốc Thái - Giám đốc đã mua 5.000 cp
09/06/2021 17:48,VIB: Bố vợ ông Hồ Vân Long - Phó TGĐ đã bán 1.376.580 cp
09/06/2021 13:30,Cách mở thẻ tín dụng trực tuyến có ngay hạn mức mua sắm
07/06/2021 14:06,"Uniben đã bán xong 3 triệu cổ phiếu VIB, ước tính thu về hàng trăm tỷ đồng"
07/06/2021 13:30,VIB cùng ngành Ngân hàng đóng góp vào Quỹ vắc-xin phòng Covid-19
07/06/2021 07:49,"Điểm danh những doanh nghiệp chốt quyền nhận cổ tức bằng tiền, bằng cổ phiếu và cổ phiếu thưởng tuần từ 7/6-11/6"
05/06/2021 08:59,"Cú hích thanh toán online từ dịch vụ đặt xe, gọi đồ ăn trong dịch Covid-19"
04/06/2021 11:05,"Liên tục 'lướt sóng', vợ Phó Chủ tịch VIB đăng ký mua 2 triệu cổ phiếu sau khi vừa bán ra 8,5 triệu cổ phiếu"
04/06/2021 09:33,"VIB: 9.6.2021, ngày GDKHQ thực hiện quyền nhận cp thưởng từ nguồn vốn CSH (tỷ lệ 40%)"
03/06/2021 17:52,Vợ Phó Chủ tịch VIB đăng ký mua 2 triệu cổ phiếu
03/06/2021 17:04,VIB: Vợ ông Đặng Văn Sơn - Phó CT.HĐQT đăng ký mua 2.000.000 cp
03/06/2021 13:30,VIB dẫn đầu xu thế thẻ bằng nỗ lực sáng tạo không ngừng
02/06/2021 14:45,VIB: Vợ ông Hồ Vân Long - Phó TGĐ đã bán 4.503.600 cp
02/06/2021 13:49,Thanh toán không tiền mặt - giải pháp vượt trội mùa dịch
31/05/2021 19:05,"VIB tăng mạnh, người nhà Phó Chủ tịch HĐQT đã bán xong 8,5 triệu cổ phiếu"
31/05/2021 16:57,VIB: Vợ ông Đặng Văn Sơn - Phó CT.HĐQT đã bán 8.500.000 cp
31/05/2021 11:00,"VIB tăng vốn điều lệ, chia cổ phiếu thưởng 40%"
28/05/2021 14:04,VIB: Quyết định của HĐQT về ngày ĐKCC chốt danh sách cổ đông để hưởng quyền nhận cổ phiếu thưởng
28/05/2021 14:04,VIB: Phát hành cổ phiếu để tăng vốn cổ phần từ nguồn vốn chủ sở hữu
25/05/2021 10:32,VIB: Chồng bà Nguyễn Thị Tuyết Hà - GĐ chuyển đổi số đăng ký bán 1.696.041 cp
24/05/2021 11:04,VIB: Bà Đặng Thị Phương Diễm - Giám đốc khối đăng ký bán 150.000 cp
24/05/2021 07:34,Thêm chất xúc tác thúc đẩy thanh toán online
22/05/2021 07:48,Bất ngờ với thẻ ngân hàng thời 4.0
21/05/2021 10:42,VIB: Bà Nguyễn Thị Tuyết Hà - GĐ chuyển đổi số đăng ký bán 1.700.000 cp
20/05/2021 08:00,Người dùng hào hứng với dòng thẻ tích hợp đầu tiên tại Đông Nam Á
18/05/2021 19:35,"VIB vừa huy động được 4.000 tỷ đồng vốn rẻ, lãi suất chỉ 3,7- 4%/năm"
17/05/2021 13:31,VIB: Bố vợ ông Hoàng Linh - GĐ Tài chính đăng ký bán 3.000.000 cp
14/05/2021 17:47,VIB: Ông Tăng Hoàng Quốc Thái - Giám đốc đăng ký mua 5.000 cp
14/05/2021 15:43,Nhiều người nhà của các sếp VIB đăng ký bán cổ phiếu
14/05/2021 14:38,VIB: Vợ ông Hồ Vân Long - Phó TGĐ đăng ký bán 4.503.600 cp
14/05/2021 14:38,VIB: Bà Trương Lê Ngọc Trâm - Người Phụ trách quản trị đăng ký mua 500.000 cp
14/05/2021 14:34,VIB: Vợ ông Đặng Văn Sơn - Phó CT.HĐQT đăng ký bán 8.500.000 cp
14/05/2021 10:59,VIB: Bố vợ ông Hồ Vân Long - Phó TGĐ đăng ký bán 1.376.580 cp
13/05/2021 16:54,Chủ sở hữu Mì 3 Miền nắm giữ hơn 55 triệu cổ phiếu VIB
13/05/2021 15:49,VIB: Vợ ông Hoàng Linh - GĐ tài chính đăng ký bán 300.000 cp
13/05/2021 15:49,VIB: CTCP Uniben đăng ký bán 3.000.000 cp
12/05/2021 08:40,"Câu lạc bộ lãi nghìn tỷ quý 1 đã gọi tên 22 doanh nghiệp, vị trí quán quân đã đổi chủ"
11/05/2021 09:27,Hai cổ phiếu ngân hàng LPB và VIB đủ điều kiện được cấp margin
10/05/2021 13:30,Thẻ Online Plus 2in1 thúc đẩy đổi mới hệ sinh thái thanh toán
10/05/2021 10:29,VIB: Chị dâu ông Đặng Văn Sơn - Phó CT.HĐQT đăng ký bán 7.618.468 cp
07/05/2021 14:38,VIB: Công văn của NHNN v/v chấp thuận tăng vốn điều lệ của VIB
06/05/2021 08:01,MV của VIB Online Plus 2in1 càn quét top trending âm nhạc
27/04/2021 10:00,Mastercard vinh danh VIB là Ngân hàng dẫn đầu về đổi mới và sáng tạo năm 2021
22/04/2021 08:00,VIB đưa xu thế thẻ Việt đi tiên phong trong khu vực
20/04/2021 10:09,"VIB công bố kết quả kinh doanh quý 1: Tăng trưởng 68%, ROE đạt kỷ lục 31%"
13/04/2021 14:57,VIB: Bố bà Trần Thị Thu Hương - Giám đốc đăng ký mua 4.000.000 cp
12/04/2021 10:47,VIB: Nghị quyết HĐQT v/v tăng vốn điều lệ từ NVCSH
04/04/2021 11:10,Tiêu điểm xử phạt tuần qua: Rất nhiều doanh nghiệp và cá nhân bị UBCKNN phạt nặng
31/03/2021 15:02,"Cổ phiếu SSB của SeABank tăng 68% sau 1 tuần lên sàn, VIB vươn lên vị trí thứ 2 về giá cổ phiếu dòng ngân hàng chỉ sau Vietcombank"
31/03/2021 13:30,VIB: Link công bố Nghị quyết HDĐQT v/v phát hành cổ phiếu tăng vốn điều lệ
25/03/2021 14:15,VIB: Nghị quyết và Biên bản họp ĐHĐCĐ thường niên năm 2021
24/03/2021 09:24,"ĐHCĐ VIB: Kế hoạch lợi nhuận hơn 7.500 tỷ đồng trong năm 2021, chia cổ phiếu thưởng tới 40%, tiếp tục tập trung các mảng kinh doanh trọng yếu"
17/03/2021 17:37,VIB: Nghị quyết HĐQT phê duyệt kế hoạch phát hành giấy tờ có giá năm 2021
17/03/2021 16:54,VIB: Điều lệ công ty sửa đổi
17/03/2021 16:54,VIB: Nghị quyết và Biên bản kiểm phiếu lấy ý kiến cổ đông bằng văn bản
17/03/2021 16:53,VIB: Quy chế nội bộ về quản trị công ty
16/03/2021 16:11,VIB: Bổ nhiệm ông Tăng Hoàng Quốc Thái làm Giám đốc Ban Marketing và truyền thông từ 15.3.2021
15/03/2021 16:56,VIB: Công văn của NHNN v/vc chấp thuận thay địa điểm hoạt động Chi nhánh VIB Đống Đa
15/03/2021 16:53,VIB: Công văn của NHNN v/vc chấp thuận thay địa điểm hoạt động Chi nhánh VIB Lý Thường Kiệt
05/03/2021 15:26,VIB: Vợ ông Hồ Vân Long - Phó TGĐ đã mua 956.400 cp
26/02/2021 17:35,VIB: Thời gian và đường dẫn tài liệu họp ĐHĐCĐ thường niên năm 2021
26/02/2021 12:14,"Duy trì đà tăng trưởng top đầu toàn ngành, VIB dự kiến chia cổ phiếu thưởng 40% trong năm 2021"
23/02/2021 15:46,VIB: Ông Trần Tuấn Minh - Giám đốc ban Nhân sự báo cáo kết quả giao dịch
18/02/2021 21:45,Người nhà 'sếp' VIB mạnh tay mua vào cổ phiếu
18/02/2021 16:48,VIB: Em rể ông Hàn Ngọc Vũ - TGĐ đã bán 250.000 cp
17/02/2021 16:56,VIB: Nhận được công văn của NHNN v/v chấp thuận thay đổi địa điểm hoạt động VIB Quảng Ninh
16/02/2021 09:15,50 doanh nghiệp lãi lớn nhất sàn chứng khoán mang về hơn 240.000 tỷ đồng lợi nhuận trong năm 2020
14/02/2021 07:46,Câu lạc bộ lãi nghìn tỷ năm 2020 gọi tên hơn năm chục doanh nghiệp
03/02/2021 16:16,VIB: Công văn của NHNN v/v chấp thuận thay đổi tên gọi và địa điểm hoạt động của VIB Chi nhánh Quận 5
03/02/2021 10:06,VIB: Giải trình chênh lệch lợi nhuận sau thuế tại BCTC kiểm toán năm 2020
03/02/2021 10:06,VIB: Công văn của NHNN về việc chấp thuận thay địa điểm trụ sở chi nhánh của VIB
03/02/2021 10:02,VIB: Vợ ông Hồ Vân Long - Phó TGĐ đăng ký mua 1.500.000 cp
02/02/2021 09:37,Người nhà sếp VIB và Techcombank giao dịch lượng lớn cổ phiếu
01/02/2021 17:07,VIB: Con ông Đỗ Xuân Hoàng - TV.HĐQT đã mua 1.500.000 cp
01/02/2021 17:07,VIB: Con ông Đỗ Xuân Hoàng - TV.HĐQT đã mua 1.000.000 cp
29/01/2021 15:07,VIB: Giấy chứng nhận đăng ký doanh nghiệp thay đổi lần thứ 34
27/01/2021 08:58,VIB: Báo cáo tình hình quản trị công ty năm 2020
25/01/2021 10:07,VIB: Bố ông Đỗ Xuân Hoàng - TV.HĐQT đã bán 2.500.000 cp
21/01/2021 07:42,VIB: Giải trình chênh lệch lợi nhuận sau thuế quý 4/2020 so với quý 4/2019
20/01/2021 18:30,"VIB: 9.2.2021, ngày GDKHQ tổ chức ĐHĐCĐ thường niên năm 2021, lấy ý kiến cổ đông bằng văn bản"
19/01/2021 14:53,VIB: Quyết định của NHNNVN v/v sửa đổi nội dung vốn điều lệ tại Giấy phép thành lập và hoạt động
13/01/2021 13:18,VIB: Quyết định của HĐQT v/v chốt DSCĐ họp ĐHCĐTN 2021
04/01/2021 16:37,VIB: Mẹ bà Trần Thị Thu Hương - Giám đốc khối Ngân hàng bán lẻ đã mua 4.000.000 cp
04/01/2021 13:28,VIB: Bố bà Trần Thị Thu Hương - Giám đốc đã mua 1.000.000 cp
30/12/2020 15:51,VIB: Công văn của NHNN v/v chấp thuận thay địa điểm hoạt động Phòng giao dịch Diễn Châu
29/12/2020 10:32,VIB: Con ông Đỗ Xuân Hoàng - TV.HĐQT đăng ký mua 1.500.000 cp
29/12/2020 10:29,VIB: Con ông Đỗ Xuân Hoàng - TV.HĐQT đăng ký mua 2.000.000 cp
25/12/2020 16:49,VIB: Mẹ bà Trần Thị Thu Hương - Giám đốc khối Ngân hàng bán lẻ đăng ký mua 4.000.000 cp
25/12/2020 10:38,VIB: Giao dịch 184.896.457 cp niêm yết bổ sung
24/12/2020 13:29,"VIB: 25.12.2020, niêm yết bổ sung 184.896.457 cp"
24/12/2020 13:22,VIB: Giao dịch cổ phiếu của người có liên quan đến Người nội bộ
21/12/2020 15:02,"VIB: Công văn của NHNN chấp thuận thay đổi tên, địa điểm và khai trương hoạt động PGD Hòa Thành"
08/12/2020 07:19,VIB: Công văn của NHNN về việc chấp thuận thay địa điểm hoạt động Phòng giao dịch Nguyễn Oanh
01/12/2020 03:52,VIB: Công văn của NHNN v/v chấp thuận thay địa điểm hoạt động Phòng giao dịch Nguyễn Oanh
27/11/2020 06:45,VIB: Số lượng cổ phiếu có quyền biểu quyết đang lưu hành là 1.109.387.852 cp
27/11/2020 06:45,VIB: Đã phát hành 184.896.457 cp để tăng vốn cổ phần từ nguồn vốn chủ sở hữu
18/11/2020 16:31,VIB: Chấp thuận thay đổi địa điểm Phòng Giao dịch Lê Chân trực thuộc Chi nhánh Hải Phòng
17/11/2020 17:35,VIB: Công văn của NHNN về việc chấp thuận thay địa điểm hoạt động Chi nhánh Đà Nẵng
16/11/2020 14:58,"VIB: 19.11.2020, ngày GDKHQ thưởng cp (tỷ lệ 1:0.2)"
11/11/2020 11:12,VIB: Vợ ông Hoàng Linh - Giám đốc tài chính đã mua 2.400.000 cp
11/11/2020 09:45,"VIB: Công văn của NHNN v/v chấp thuận thay đổ tên gọi, địa điểm hoạt động chi nhánh Hòa Phú"
11/11/2020 09:42,VIB: Quyết định của HĐQT về ngày ĐKCC chốt danh sách cổ đông để hưởng quyền nhận cổ phiếu thưởng
11/11/2020 09:36,VIB: Vợ ông Hồ Vân Long - Phó TGĐ đã mua 2.956.000 cp
09/11/2020 11:25,VIB chốt quyền nhận cổ phiếu thưởng tỷ lệ 20%
09/11/2020 08:24,"Đừng quên dành tiền cho tuần mới, có 1,9 tỷ cổ phiếu mới sẽ chào sàn HoSE"
04/11/2020 14:05,"VIB: 10.11.2020, ngày giao dịch đầu tiên của cp"
04/11/2020 08:42,40 doanh nghiệp trong CLB lãi nghìn tỷ năm 2020 đạt 155.000 tỷ đồng lợi nhuận sau thuế trong 9 tháng
02/11/2020 21:57,Câu lạc bộ lãi nghìn tỷ năm 2020 đã gọi tên 40 doanh nghiệp
02/11/2020 18:10,"VIB sẽ lên HoSE từ 10/11, giá tham chiếu 32.300 đồng/cp"
02/11/2020 14:14,VIB: Quyết định của HĐQT phê duyệt giá tham chiếu cho ngày giao dịch đầu tiên trên HOSE
28/10/2020 16:25,VIB: Bản cáo bạch niêm yết
28/10/2020 10:11,"Thêm 6 doanh nghiệp ghi danh, Câu lạc bộ lãi nghìn tỷ năm 2020 đã có 32 thành viên"
26/10/2020 18:30,VIB sẽ giao dịch trên HoSE từ ngày 10/11/2020
24/10/2020 22:37,"LPB, SHB, VIB, VCG… tăng bằng lần trước thềm lên HoSE: Không chỉ câu chuyện chuyển sàn!"
24/10/2020 07:02,VIB: Thông báo ngày giao dịch đầu tiên trên Sở giao dịch chứng khoán TP. Hồ Chí Minh và địa chỉ công bố bản cáo bạch
23/10/2020 07:37,VIB: Giải trình Báo cáo tài chính quý 3/2020 (Công ty mẹ và Hợp nhất)
22/10/2020 19:15,Cổ phiếu VIB giao dịch phiên cuối trên Upcom ngày 29/10
22/10/2020 16:04,VIB hủy giao dịch trên UPCoM từ ngày 30/10
21/10/2020 17:22,"VIB: Ngày 30/10/2020, hủy ĐKGD cổ phiếu"
21/10/2020 16:20,VIB: Giải trình biến động LNST quý 3.2020 so với cùng kỳ năm trước
20/10/2020 07:39,VIB: VIB nhận được Quyết định chấp thuận niêm yết tại HoSE
16/10/2020 22:20,Thêm VIB chính thức được chấp thuận niêm yết cổ phiếu trên HoSE
16/10/2020 16:50,VIB: Quyết định v/v chấp thuận niêm yết cổ phiếu
15/10/2020 09:28,VIB: Công bố thông tin phát hành cổ phiếu để tăng vốn cổ phần từ nguồn vốn chủ sở hữu
13/10/2020 09:44,"Vợ của Giám đốc tài chính đăng ký mua 2,4 triệu cổ phiếu VIB"
13/10/2020 07:47,VIB: Vợ ông Hoàng Linh - Giám đốc tài chính đăng ký mua 2.400.000 CP
09/10/2020 22:30,VIB: UBCKNN công bố v/v nhận được tài liệu báo cáo phát hành CP để tăng vốn cổ phần từ nguồn vốn chủ sở hữu của VIB
09/10/2020 07:56,VIB: Vợ ông Hồ Vân Long - Phó Tổng Giám đốc đăng ký mua 3.200.000 CP
08/10/2020 17:44,"VIB tăng 85% từ đầu năm, vợ Phó TGĐ VIBank vẫn đăng ký mua 3,2 triệu cổ phiếu"
07/10/2020 14:22,VIB: Nghị quyết Đại hội đồng cổ đông bất thường lần 4 năm 2020
07/10/2020 14:22,VIB: Tài liệu họp Đại hội đồng cổ đông
07/10/2020 10:10,VIB chuẩn bị hủy đăng ký giao dịch trên UPCoM để niêm yết trên HoSE
05/10/2020 15:00,Cổ phiếu một ngân hàng tăng hơn 30% chỉ trong vòng 1 tháng
25/09/2020 06:14,VIB: Bổ nhiệm bà Trương Lê Ngọc Trâm giữ chức Người phụ trách quản trị công ty từ 23/09/2020
24/09/2020 06:41,VIB: Công văn chấp thuận của Ngân hàng Nhà nước - Chi nhánh tỉnh Bình Dương v/v thay đổi địa điểm của Phòng giao dịch Thủ Dầu Một
21/09/2020 13:30,Ưu đãi đặc quyền cho khách vay mua ô tô Hyundai
19/09/2020 07:38,VIB: Công văn chấp thuận việc thay đổi địa điểm của Phòng giao dịch Chợ Lớn  - Chi nhánh Quận 2
18/09/2020 17:13,NHNN chấp thuận cho VIB tăng vốn điều lệ lên hơn 11.000 tỷ đồng
18/09/2020 16:58,"VIB được tăng vốn điều lệ lên gần 11,1 nghìn tỷ đồng"
17/09/2020 07:32,VIB: Thông báo v/v nhận được Công văn của Ngân hàng Nhà nước chấp thuận việc tăng vốn điều lệ
10/09/2020 13:30,VIB: Nguồn nhân lực quyết định sự thành công của Chuyển đổi số
05/09/2020 09:53,"VIB: 15.9.2020, ngày GDKHQ lấy ý kiến cổ đông bằng văn bản"
05/09/2020 09:53,VIB: Công văn của Trung tâm lưu ký chứng khoán Việt Nam v/v hủy thông báo ngày ĐKCC tham dự ĐHĐCĐ
01/09/2020 16:37,HOSE đã nhận hồ sơ đăng ký niêm yết của VIB
01/09/2020 13:57,HOSE: Nhận hồ sơ đăng ký niêm yết lần đầu Ngân hàng Thương mại Cổ phần Quốc tế Việt Nam
28/08/2020 08:32,VIB: Nghị quyết HĐQT v/v hủy ngày ĐKCC chốt danh sách cổ đông tham dự họp ĐHĐCĐ bất thường 2020
28/08/2020 08:32,VIB: Nghị quyết HĐQT thông qua ngày ĐKCC chốt danh sách cổ đông để lấy ý kiến cổ đông bằng văn bản
28/08/2020 08:15,Người dùng ưu tiên mở thẻ tín dụng trực tuyến trong Covid-19
26/08/2020 08:52,VIB chuẩn bị đại hội cổ đông bất thường
26/08/2020 07:22,"VIB: 4.9.2020, ngày GDKHQ Đại hội đồng cổ đông bất thường năm 2020"
20/08/2020 08:00,VIB ghi dấu tiên phong với loạt thẻ tín dụng độc đáo
19/08/2020 14:53,10 ngân hàng lãi lớn nhất nửa đầu năm
19/08/2020 08:15,VIB: Nghị quyết HĐQT về Ngày ĐKCCđể chốt danh sách cổ đông tham dự ĐHĐCĐ bất thường 2020
18/08/2020 13:30,Trải nghiệm đăng ký ứng dụng ngân hàng chỉ trong 1 phút
11/08/2020 10:00,"Chọn đúng thẻ tín dụng, chi tiêu cũng tạo ra thu nhập"
06/08/2020 07:57,Chọn thẻ tín dụng thế nào để tối ưu lợi ích khi mua sắm trực tuyến?
05/08/2020 21:21,VIB: Giải trình biến động LNST Báo cáo tài chính bán niên năm 2020
05/08/2020 21:21,VIB: Giải trình biến động LNST Báo cáo tài chính bán niên năm 2020 (công ty mẹ)
05/08/2020 11:00,VIB đón đầu làn sóng chuyển đổi số
27/07/2020 09:37,VIB: Công văn chấp thuận về việc đủ điều kiện khai trương hoạt động Chi nhánh Biên Hòa
23/07/2020 14:33,VIB: Báo cáo tài chính quý 2/2020 và giải trình (hợp nhất)
23/07/2020 14:33,VIB: Báo cáo tài chính quý 2/2020 (riêng)
20/07/2020 20:12,VIB lãi trước thuế 2.356 tỷ đồng trong 6 tháng đầu năm
19/07/2020 16:24,Bước ngoặt công nghệ trong trải nghiệm thanh toán không tiền mặt
16/07/2020 15:30,Việt Nam đã có ứng dụng thành công Bigdata & AI trong duyệt mở thẻ tín dụng
08/07/2020 14:39,VIB: Nghị quyết HĐQT v/v Phê duyệt phương án phát hành cổ phiếu để tăng vốn điều lệ
06/07/2020 10:16,VIB: Chấp thuận về việc thay đổi địa điểm PGD Lò Đúc trực thuộc chi nhánh Hai Bà Trưng
03/07/2020 10:25,VIB: Nghị quyết Đại hội đồng cổ đông thường niên năm 2020
03/07/2020 10:11,VIB: Miễn nhiệm ông Michael John Murphy - Thành viên HĐQT từ 30/06/2020
01/07/2020 15:13,VIB: Nghị quyết Đại hội đồng cổ đông bất thường lần 3 năm 2020
30/06/2020 09:15,"ĐHCĐ VIB: Dự kiến niêm yết trên HoSE vào tháng 11, trả cổ phiếu thưởng tỷ lệ 20% và lợi nhuận năm nay ít nhất 4.500 tỷ"
24/06/2020 15:04,VIB được IFC vinh danh là Ngân hàng phát hành có nghiệp vụ tài trợ thương mại tốt nhất khu vực Đông Á – Thái Bình Dương
17/06/2020 11:12,VIB: Tài liệu họp Đại hội đồng cổ đông
15/06/2020 11:36,VIB: Tài liệu họp Đại hội đồng cổ đông
11/06/2020 09:34,"VIB sẽ niêm yết trên HoSE trong năm nay, dự kiến lợi nhuận ít nhất 4.500 tỷ đồng"
05/06/2020 10:48,VIB: Chấp thuận thay đổi địa điểm Ngân hàng TMCP Quốc tết Việt Nam - Chi nhánh Cẩm Phả
29/05/2020 10:44,VIB: Nghị quyết Đại hội đồng cổ đông bất thường lần 2 năm 2020
22/05/2020 11:20,"VIB: 4.6.2020, ngày GDKHQ ĐHĐCĐ thường niên năm 2020, lấy ý kiến cổ đông bằng văn bản"
15/05/2020 11:21,VIB: Quyết định của HĐQT về ngày ĐKCC chốt quyền tham dự ĐHĐCĐ thường niên 2020
13/05/2020 11:13,VIB: Chấp thuận thay đổi địa điểm Phòng Giao dịch Kim Đồng của VIB - Chi nhánh Hai Bà Trưng
08/05/2020 10:32,VIB: Tài liệu họp Đại hội đồng cổ đông
02/05/2020 14:37,VIB: Chấp thuận thay đổi địa điểm Phòng giao dịch Trảng Bom của VIB - Chi nhánh Đồng Nai
02/05/2020 13:42,VIB: Công văn của Sở Kế hoạch và Đầu tư TP.Hồ Chí Minh về việc gia hạn thời gian tổ chức họp ĐHĐCĐ TN 2020
28/04/2020 10:32,VIB: Chấp thuận thay đổi địa điểm PGD Hoàng Văn Thái của VIB - CN Tân Bình
23/04/2020 09:04,VIB: Giải trình biến động lợi nhuận sau thuế tại Báo cáo tài chính quý 1/2020 (công ty mẹ)
23/04/2020 09:04,VIB: Giải trình Báo cáo tài chính hợp nhất quý 1/2020
21/04/2020 13:55,VIB: Trung tâm Lưu ký Chứng khoán Việt Nam thông báo hủy danh sách người sở hữu chứng khoán thực hiện quyền tham dự Đại hội đồng cổ đông thường niên năm 2020
21/04/2020 13:55,"VIB: 4.5.2020, ngày GDKHQ lấy ý kiến cổ đông bằng văn bản"
20/04/2020 18:01,"VIB duy trì kết quả kinh doanh khả quan trong quý 1, tập trung hỗ trợ khách hàng bị ảnh hưởng bởi Covid-19"
16/04/2020 10:31,VIB: Công bố ngày ĐKCC chốt danh sách cổ đông gửi phiếu xin ý kiến thông qua Nghị quyết ĐHĐCĐ v/v sửa đổi Điều lệ
14/04/2020 12:25,VIB: Nghị quyết HDDQT v/v thay đổi kế hoạch tổ chức Đại hội đồng cổ đông thường niên năm 2020
09/04/2020 10:21,VIB: Nghị quyết Đại hội đồng cổ đông bất thường lần 1 năm 2020
05/04/2020 11:21,VIB: Chấp thuận thay đổi địa điểm Phòng Giao dịch Vân Đình của VIB
31/03/2020 20:30,"Ngân hàng tiên phong công bố hỗ trợ lãi suất cho các khoản vay hiện hữu, bắt đầu từ 1/4/2020"
30/03/2020 13:30,VIB lần thứ tư liên tiếp nhận giải thưởng về Ngân hàng số từ The Asset
23/03/2020 09:41,VIB tiếp tục hỗ trợ khách hàng cá nhân với chương trình thúc đẩy chi tiêu trực tuyến qua thẻ
20/03/2020 14:09,VIB: Nghị quyết Hội đồng quản trị phê duyệt phương án phát hành Giấy tờ có giá năm 2020
20/03/2020 13:51,VIB: Tài liệu họp Đại hội đồng cổ đông
18/03/2020 19:13,"VIB: 1.4.2020, ngày GDKHQ Đại hội đồng cổ đông thường niên năm 2020"
18/03/2020 14:26,VIB: Hủy thông báo chốt danh sách cổ đông để thực hiện quyền tham dự ĐHĐCĐ thường niên năm 2020
17/03/2020 11:48,"VIB ủng hộ 10 tỷ đồng phòng, chống dịch Covid-19"
16/03/2020 10:15,VIB tiếp tục công bố gói hỗ trợ giao dịch trực tuyến trong giai đoạn ảnh hưởng Covid-19
12/03/2020 10:51,"Ngân hàng tiếp theo hành động hỗ trợ doanh nghiệp bị ảnh hưởng Covid-19: VIB công bố giảm lãi suất cho vay từ 0,5% - 1,5%"
12/03/2020 09:55,"VIB: 2.3.2020, ngày GDKHQ Chốt danh sách cổ đông để tham dự họp ĐHĐCĐ thường niên năm 2020"
11/03/2020 16:50,VIB: Công bố thông tin về việc đã đăng ký khoản vay nước ngoài tại NHNN
09/03/2020 14:23,VIB: Quyết định HĐQT v/v thay đổi ngày ĐKCC chốt danh sách cổ đông tham dự ĐHCĐ thường niên 2020
04/03/2020 08:57,"VIB: 19.3.2020, ngày GDKHQ lấy ý kiến cổ đông bằng văn bản"
28/02/2020 10:54,VIB: Giải trình biến động Báo cáo tài chính kiểm toán năm 2019 (mẹ + hợp nhất)
27/02/2020 11:08,VIB được IFC nâng hạn mức tài trợ thương mại lên 144 triệu USD
27/02/2020 09:09,VIB: Quyết định của Chủ tịch HĐQT về ngày ĐKCC chốt danh sách cổ đông để gửi phiếu xin ý kiến ĐHĐCĐ
25/02/2020 15:59,VIB: Nghị quyết HĐQT về ngày ĐKCC để chốt danh sách cổ đông lấy ý kiến bằng văn bản
25/02/2020 11:00,Có hơn 50 doanh nghiệp lãi nghìn tỷ năm 2019
06/02/2020 14:06,VIB: Quyết định HĐQT v/v ngày ĐKCC chốt danh sách cổ đông tham dự họp ĐHĐCĐ năm 2020
03/02/2020 11:59,VIB: Chấp thuận thay đổi địa điểm Phòng Giao dịch Phan Đăng Lưu của VIB
22/01/2020 09:01,VIB: Báo cáo tài chính Quý 4/2019 (mẹ + hợp nhất)
22/01/2020 09:01,VIB: Báo cáo giải trình biến động lợi nhuận sau thuế tại báo cáo tài chính Quý IV năm 2019
20/01/2020 11:00,VIB:Chấp thuận thay đổi địa điểm Phòng Giao dịch Sông Hàn - VIB
20/01/2020 10:56,VIB: Nghị quyết Hội đồng quản trị về việc chốt danh sách cổ đông dự họp ĐHĐCĐ 2020
20/01/2020 10:25,"VIB lãi trước thuế 4.082 tỷ đồng trong năm 2019, tăng gần gấp rưỡi so với 2018"
16/01/2020 08:00,5 trợ thủ đắc lực cho chuyến du xuân hoàn hảo
06/01/2020 10:23,VIB: Công bố về việc VIB nhận được kết luận của Tổng Cục Thuế về việc thanh tra thuế
31/12/2019 13:51,VIB: Ngân hàng Nhà nước Việt Nam chấp thuận thay đổi địa điểm của Phòng Giao dịch Dĩ An - VIB
31/12/2019 13:51,VIB: Chấp thuận việc VIB thành lập Phòng giao dịch Hòa Thành tại tỉnh Tây Ninh
31/12/2019 13:51,VIB: Chấp thuận thành lập Chi nhánh Biên Hòa (tại tỉnh Đồng Nai) và Chi nhánh Hòa Phú (tại tỉnh Bình Dương)
30/12/2019 16:58,Lãnh đạo VIB: Basel II và Basel III là con đường tất yếu làm cho ngân hàng an toàn hơn và chất lượng hơn
23/12/2019 13:30,Thẻ đồng thương hiệu đặc quyền – chiến lược mới của hãng bay và ngân hàng
23/12/2019 10:31,VIB: Thông báo thay đổi tên gọi và địa điểm của Chi nhánh Tôn Đức Thắng thành Chi nhánh Nguyễn Văn Trỗi
23/12/2019 10:24,VIB: Chấp thuận đề nghị thay đổi địa điểm VIB - Chi nhánh Đống Đa
23/12/2019 10:24,VIB: Ký Hợp đồng kiểm toán với Công ty TNHH KPMG
19/12/2019 09:45,Ngân hàng đầu tiên hoàn thành cả 3 trụ cột Basel II
19/12/2019 09:29,VIB ước lãi kỷ lục hơn 4.000 tỷ trong năm 2019
18/12/2019 09:55,VIB: Nghị quyết Đại hội đồng cổ đông bất thường lần 3 năm 2019
17/12/2019 14:21,Nhìn lại hiệu quả kinh doanh của 2 ngân hàng đầu tiên đạt chuẩn Basel II
14/12/2019 15:30,Giáng Sinh trọn vẹn với ưu đãi hấp dẫn từ VIB Sapphire
14/12/2019 13:30,VIB và Vietnam Airlines hợp tác ra mắt dòng thẻ bay đặc quyền Premier Boundless
11/12/2019 13:30,Nhu cầu nâng cấp trải nghiệm bay cho khách hàng còn bị bỏ ngỏ?
06/12/2019 10:55,VIB: Thay đổi Giấy chứng nhận đăng ký kinh doanh
05/12/2019 10:33,VIB: Thay đổi Giấy chứng nhận đăng ký kinh doanh
04/12/2019 10:37,VIB: Thay đổi Giấy chứng nhận đăng ký kinh doanh
15/11/2019 15:30,"VIB tài trợ hơn 1,1 tỷ  đồng cho BMW Golf Cup International 2019 – Vòng chung kết Việt Nam"
12/11/2019 15:30,Truyền thông quốc tế ghi nhận VIB là thương hiệu thẻ tín dụng sáng tạo nhất Việt Nam
06/11/2019 16:34,"VIB: 15.11.2019, ngày GDKHQ lấy ý kiến cổ đông bằng văn bản"
04/11/2019 13:30,VIB thu xếp cấp tín dụng hợp vốn 780 tỷ đồng cho EVN
02/11/2019 07:57,Tuyệt chiêu xài thẻ tín dụng không hề lo lãi suất
30/10/2019 08:47,VIB: Điều lệ VIB
29/10/2019 12:02,VIB: Nghị quyết HĐQT quyết định ngày ĐKCC để gửi phiếu xin ý kiến ĐHĐCĐ
29/10/2019 08:00,Trọn gói quyền năng trong “tấm thẻ thông hành” Sapphire
23/10/2019 08:00,VIB đem nhiều ưu đãi tài trợ Viet Nam Motor Show 2019
22/10/2019 11:18,VIB: Báo cáo tài chính quý 3/2019 (mẹ + hợp nhất)
18/10/2019 15:12,Xuất hiện ngân hàng tăng trưởng cho vay lên tới 28% trong 9 tháng đầu năm
15/10/2019 16:35,VIB công bố báo cáo tài chính quý 3 năm 2019
15/10/2019 14:25,"VIB: Ngày 21/10/2019, giao dịch 141.024.111 cổ phiếu niêm yết bổ sung"
15/10/2019 14:23,VIB: Chấp thuận niêm yết bổ sung 141.024.111 cổ phiếu
15/10/2019 13:59,VIB: Quyết định của Ngân hàng Nhà nước Việt Nam về việc sửa đổi nội dung về vốn Điều lệ
10/10/2019 17:39,VIB: VIB nhận được văn bản chấp thuận thay đổi địa điểm Phòng giao dịch Tản Đà
01/10/2019 13:30,MasterCard hợp tác ngân hàng VIB tăng bảo mật thẻ
17/09/2019 11:00,VIB ngập tràn ưu đãi mừng sinh nhật lần thứ 23
16/09/2019 14:35,VIB: Văn bản chấp thuận thay đổi địa điểm của VIB Chi Nhánh Tôn Đức Thắng
13/09/2019 15:30,Ứng dụng ngân hàng di động tại Việt Nam tích hợp tính năng tra soát giao dịch trực tuyến
13/09/2019 13:30,VIB: Văn bản về việc chấp thuận thay đổi địa điểm của VIB - Chi nhánh Quận 2
06/09/2019 10:00,VIB được ADB vinh danh là Ngân hàng hàng đầu về tài trợ thương mại cho doanh nghiệp SME
29/08/2019 16:07,VIB: Báo cáo phát hành cổ phiếu để tăng vốn cổ phần từ nguồn vốn chủ sở hữu của VIB
28/08/2019 13:30,Giám đốc Khối Bán lẻ VIB: Ngân hàng Việt đang giành lại thế tiên phong trên thị trường thẻ
26/08/2019 14:27,VIB: Số lượng cổ phiêu có quyền biểu quyết đang lưu hành là 924.491.395 CP
23/08/2019 11:42,VIB: Đã phát hành 141.024.111 cổ phiếu để tăng vốn cổ phẩn từ nguồn vốn chủ sở hữu
23/08/2019 11:41,VIB: Quyết định v/v xử lý cổ phiếu lẻ phát sinh trong đợt thưởng cổ phiếu từ nguồn vốn chủ sở hữu
21/08/2019 11:33,VIB miễn nhiệm một nữ Phó Tổng Giám đốc
21/08/2019 11:29,VIB: Văn bản về việc chấp thuận thay đổi địa điểm Phòng giao dịch Phan Văn Trị
20/08/2019 17:00,VIB: Miễn nhiệm bà Vương Thị Huyền - Phó TGĐ từ 19/08/2019
19/08/2019 13:30,Cái bắt tay chiến lược trên cuộc đua thanh toán trực tuyến
16/08/2019 16:19,VIB: VIB nhận được văn bản chấp thuận đủ điều kiện thay đổi địa điểm đặt trụ sở Chi nhánh Tây Ninh
14/08/2019 09:37,"VIB: 5.7.2019, ngày GDKHQ thưởng cổ phiếu (tỷ lệ 3,181%)"
12/08/2019 17:27,"VIB: 14.8.2019, ngày GDKHQ trả cổ phiếu thưởng cho cổ đông hiện hữu (tỷ lệ 18%)"
12/08/2019 14:42,"Điểm danh những doanh nghiệp chốt quyền nhận cổ tức bằng tiền, bằng cổ phiếu và cổ phiếu thưởng tuần này"
06/08/2019 08:54,Câu lạc bộ lãi nghìn tỷ đã gọi tên 31 doanh nghiệp
05/08/2019 15:59,VIB: Ông Hoàng Linh - Giám đốc tài chính đã mua 57.600 CP
05/08/2019 13:30,Đã có 2 chủ thẻ tín dụng VIB trúng cặp vé du lịch châu Á bằng du thuyền
31/07/2019 08:00,Ngân hàng tăng ưu đãi hút khách dùng gói tài khoản
29/07/2019 11:32,VIB: Tài liệu báo cáo phát hành cổ phiếu để tăng vốn cổ phần từ nguồn vốn chủ sở hữu
26/07/2019 17:12,Câu lạc bộ lãi nghìn tỷ đã gọi tên hơn hai chục doanh nghiệp
25/07/2019 13:30,Gửi tiết kiệm 1 nhận 3 ưu đãi lãi suất tại VIB
23/07/2019 16:24,VIB: Văn bản chấp thuận thay đổi địa điểm Phòng giao dịch Thăng Long trực thuộc VIB Chi nhánh Cầu Giấy
23/07/2019 16:24,VIB: Văn bản chấp thuận thay đổi địa điểm Phòng giao dịch Hào Nam trực thuộc VIB Chi nhánh Ba Đình
19/07/2019 15:35,VIB: Báo cáo kết quả giao dịch cổ phiếu quỹ theo Báo cáo số 75532.19 của VIB
19/07/2019 15:33,VIB: Giải trình biến động lợi nhuận sau thuế tại BCTC Quý 2/2019 (mẹ + hợp nhất)
19/07/2019 15:14,VIB: Quyết định của Chủ tịch Hội đồng Quản trị triển khai phương án tăng vốn điều lệ
18/07/2019 13:59,VIB: Văn bản chấp thuận của Ngân hàng Nhà nước Việt Nam về việc tăng vốn điều lệ
16/07/2019 18:38,VIB được chấp thuận tăng vốn điều lệ lên 9.245 tỷ đồng
15/07/2019 17:51,VIB: Đã bán 24.154.140 cổ phiếu quỹ (do thưởng cổ phiếu quỹ cho cổ đông hiện hữu)
15/07/2019 15:44,VIB: Số lượng cổ phiếu có quyền biểu quyết đang lưu hành là 783.467.284 CP
13/07/2019 12:52,Ngân hàng đua nhau báo lãi kỷ lục
12/07/2019 15:35,VIB: Quyết định HĐQT về việc xử lý cổ phiếu lẻ phát sinh trong đợt thưởng cổ phiếu quỹ
12/07/2019 07:29,VIB dẫn đầu thị trường về cho vay mua ô tô và phát hành thẻ
11/07/2019 17:34,"VIB lãi trước thuế hơn 1.800 tỷ trong nửa đầu năm, nợ xấu giảm mạnh xuống còn 1,8%"
04/07/2019 10:34,Điểm nhấn 17 ngân hàng niêm yết: Nhân sự bất hòa nhưng cổ phiếu thăng hoa
04/07/2019 10:22,VIB là nhà tài trợ cho hội chợ oto.com.vn
02/07/2019 14:02,VIB: Ông Hoàng Linh - Giám đốc tài chính - đăng ký mua 100.000 CP
28/06/2019 15:56,"VIB: VIB nhận được văn bản chấp thuận thay đổi tên gọi, địa điểm chi nhánh trực thuộc VIB"
28/06/2019 15:42,VIB: VIB nhận được văn bản chấp thuận thay đổi địa điểm Phòng giao dịch Hùng Vương
26/06/2019 17:16,VIB: Đăng ký bán 24.154.140 cổ phiếu quỹ
26/06/2019 08:38,VIB chia thưởng hơn 24 triệu cổ phiếu quỹ cho cổ đông
25/06/2019 15:08,VIB: Nghị quyết HĐQT v/v chốt ngày ĐKCC hưởng quyền nhận cổ phiếu thưởng
25/06/2019 15:05,VIB: Chấp thuận thay đổi địa điểm của Ngân hàng TMCP Quốc Tế - Chi nhánh Việt Trì
25/06/2019 13:30,Sống tiện lợi hơn với tài khoản thanh toán
25/06/2019 10:00,Bí kíp thoải mái vui hè không lo chi tiêu dè sẻn
19/06/2019 10:00,VIB hợp tác cùng Startup trong lĩnh vực quà tặng điện tử trên MyVIB
18/06/2019 13:56,VIB: Thông báo chi trả cổ tức năm 2018
13/06/2019 09:52,VIB tích cực tham gia xây dựng giải pháp thanh toán không tiền mặt
12/06/2019 16:32,VIB: Chấp thuận thay đổi tên và địa điểm Ngân hàng TMCP Quốc tế Việt Nam - Chi nhánh Hải Châu
12/06/2019 16:06,VIB: Công bố về việc phát hành trái Phiếu lần 1 năm 2019
07/06/2019 15:48,VIB: Vợ ông Đặng Khắc Vỹ - Chủ tịch HĐQT đã bán 1.000.000 CP
07/06/2019 15:48,VIB: Con ông Đặng Khắc Vỹ - Chủ tịch HĐQT đã bán 1.400.000 CP
07/06/2019 15:44,VIB: Ông Hoàng Linh - Giám đốc tài chính đã mua 35.640 CP
04/06/2019 16:23,"VIB: 5.6.2019, ngày GDKHQ trả cổ tức bằng tiền mặt (567đ/cp)"
03/06/2019 17:08,VIB: Bà Nguyễn Lương Thị Bích Thủy - Thành viên BKS đã mua 5.520 CP
03/06/2019 17:03,VIB: Báo cáo kết quả giao dịch cổ phiếu quỹ số 13972.19 ngày 28.05.2019 của VIB
03/06/2019 17:03,VIB: Nghị quyết HĐQT v/v phê duyệt phương án phát hành cổ phiếu để tăng vốn điều lệ
03/06/2019 16:53,VIB: Bà Nguyễn Thùy Linh - Trưởng Ban kiểm soát đã mua 6.170 CP
03/06/2019 08:55,"Điểm danh những doanh nghiệp chốt quyền nhận cổ tức bằng tiền, bằng cổ phiếu và cổ phiếu thưởng tuần này"
01/06/2019 09:24,Lịch chốt quyền nhận cổ tức bằng tiền của 13 doanh nghiệp
31/05/2019 14:55,Cần phá bỏ rào cản tâm lý và dùng sức mạnh tập thể để thúc đẩy thanh toán không tiền mặt
31/05/2019 11:00,Lãnh đạo VIB nêu giải pháp triển khai thanh toán không dùng tiền mặt
31/05/2019 08:00,"Gửi tiết kiệm online nhận ngay đến 2,5 triệu đồng"
29/05/2019 15:05,VIB: Số lượng cổ phiếu có quyền biểu quyết đang lưu hành là 759.313.144 CP
29/05/2019 15:04,VIB: Đã bán 7.771.569 cổ phiếu quỹ
27/05/2019 11:08,VIB: Nghị quyết HĐQT v/v chốt danh sách cổ đông hưởng quyền cổ tức năm 2018 bằng tiền
24/05/2019 10:44,Vợ và con ông Đặng Khắc Vỹ muốn bán bớt cổ phiếu VIB
23/05/2019 17:09,VIB: Con ông Đặng Khắc Vỹ - Chủ tịch HĐQT đăng ký bán 1.400.000 CP
23/05/2019 16:25,VIB: Vợ ông Đặng Khắc Vỹ - Chủ tịch HĐQT đăng ký bán 1.000.000 CP
23/05/2019 13:30,Tuyệt chiêu dùng tiền ngân hàng không lo trả lãi
23/05/2019 10:22,VIB: Ông Hồ Vân Long - Phó Tổng Giám đốc đã mua 62.050 CP
22/05/2019 16:25,VIB: Ông Lê Quang Trung - Phó Tổng Giám đốc đã mua 140.790 CP
22/05/2019 16:25,VIB: Ông Ân Thanh Sơn - Phó Tổng Giám đốc đã mua 35.640 CP
22/05/2019 16:24,VIB: Ông Hàn Ngọc Vũ - Tổng Giám đốc đã mua 42.040 CP
22/05/2019 16:24,VIB: Bà Vương Thị Huyền - Phó Tổng Giám đốc đã mua 41.360 CP
22/05/2019 16:22,VIB: Ông Trần Nhất Minh - Phó Tổng Giám đốc đã mua 39.260 CP
22/05/2019 16:22,VIB: Bà Phạm Thị Minh Huệ - Kế toán trưởng đã mua 23.230 CP
22/05/2019 16:20,VIB: Ông Đào Quang Ngọc - Thành viên BKS đã mua 4.340 CP
20/05/2019 08:00,VIB: “Chúng tôi hướng tới mục tiêu: dẫn đầu xu thế thẻ tại Việt Nam”
17/05/2019 08:49,Cổ đông VIB sắp được nhận cổ tức tiền mặt và cổ phiếu thưởng
17/05/2019 08:00,Ngân hàng chú trọng từng giao dịch – Người tiêu dùng hưởng lợi
16/05/2019 16:37,VIB: Quyết định về ngày chốt danh sách cổ đông hưởng quyền nhận cổ tức năm 2018 bằng tiền mặt
15/05/2019 14:56,VIB: Nghị quyết của HĐQT v/v phê duyệt phương án phát hành cổ phiếu tăng vốn điều lệ
14/05/2019 14:18,VIB: Nghị quyết HĐQT về việc Phê duyệt phương án chia cổ tức năm 2018 bằng tiền mặt
14/05/2019 10:02,VIB vươn lên nhóm ngân hàng dẫn đầu về doanh số chi tiêu thẻ tín dụng MasterCard
09/05/2019 13:30,Du lịch hè thêm thú vị với loại thẻ tín dụng miễn lãi trọn đời
08/05/2019 15:29,VIB: Ông Ân Thanh Sơn - Phó Tổng Giám đốc đăng ký mua 35.640 CP
08/05/2019 15:19,VIB: Ông Hàn Ngọc Vũ - Tổng Giám đốc đăng ký mua 42.040 CP
08/05/2019 15:19,VIB: Bà Phạm Thị Minh Huệ - Kế toán trưởng đăng ký mua 23.230 CP
08/05/2019 15:19,VIB: Ông Hồ Vân Long - Phó Tổng Giám đốc đăng ký mua 62.050 CP
08/05/2019 15:18,VIB: Ông Lê Quang Trung - Phó Tổng Giám đốc đăng ký mua 140.790 CP
08/05/2019 15:18,VIB: Bà Vương Thị Huyền - Phó Tổng Giám đốc đăng ký mua 41.360 CP
08/05/2019 15:18,VIB: Ông Hoàng Linh - Giám đốc tài chính đăng ký mua 100.000 CP
08/05/2019 15:16,VIB: Bà Nguyễn Lương Thị Bích Thủy - Thành viên BKS đăng ký mua 5.520 CP
08/05/2019 15:16,VIB: Ông Trần Nhất Minh - Phó Tổng Giám đốc đăng ký mua 39.260 CP
08/05/2019 15:14,VIB: Ông Đào Quang Ngọc - Thành viên BKS đăng ký mua 4.340 CP
08/05/2019 15:10,VIB: Bà Nguyễn Thùy Linh - Trưởng Ban kiểm soát đăng ký mua 6.170 CP
08/05/2019 10:38,VIB: Chấp thuận của Ngân hàng Nhà nước về phương án phân phối lợi nhuận và chia cổ tức năm 2018
08/05/2019 08:43,Cán bộ nhân viên VIB chuẩn bị nhận thưởng lớn
07/05/2019 14:02,Nợ xấu phình to ở nhiều ngân hàng
07/05/2019 08:00,"Đại diện VIB: 'Nền tảng ngân hàng số cần tạo trải nghiệm đơn giản, nhanh chóng và bảo mật một cách toàn diện'"
04/05/2019 16:15,VIB: Công bố thông tin giao dịch cổ phiếu quỹ để thưởng cho người lao động
03/05/2019 16:27,VIB: Công bố về việc Ủy ban Chứng khoán Nhà nước nhận đủ tài liệu báo cáo giao dịch cổ phiếu quỹ
01/05/2019 09:33,Nhiều ngân hàng để ngỏ khả năng tăng trưởng tín dụng 2019
27/04/2019 08:52,Phác họa bức tranh ngân hàng quý 1 từ kết quả kinh doanh của 20 nhà băng
26/04/2019 17:23,VIB: Nghị quyết HĐQT v/v Phê duyệt phương án sử dụng cổ phiếu quỹ để thưởng cho cổ đông hiện hữu
26/04/2019 16:41,VNPT và Ngân hàng VIB ký kết hợp tác toàn diện
26/04/2019 10:01,VIB ra mắt dòng thẻ tín dụng miễn lãi trọn đời
23/04/2019 08:00,Sôi động thị trường thẻ tín dụng với dòng thẻ mới nhiều hứa hẹn
20/04/2019 08:00,Tiết kiệm tiền triệu nhờ miễn phí giao dịch ngân hàng
19/04/2019 20:10,VIB lãi đậm từ dịch vụ trong quý 1/2019
19/04/2019 15:39,VIB: Quyết định về việc Triển khai chương trình thưởng Cổ phiếu quỹ năm 2019 cho Cán bộ nhân viên
19/04/2019 08:00,Thị trường thẻ tín dụng liệu có bất ngờ lớn cuối tháng 4 này?
17/04/2019 20:00,"VIB lãi 810 tỷ đồng trong quý 1/2019, tăng 56% so với cùng kỳ"
17/04/2019 12:11,Sạch nợ tại VAMC liệu có dễ?
17/04/2019 08:00,Tận hưởng nhiều ưu đãi khi chi tiêu qua thẻ tín dụng dịp lễ 30/4
11/04/2019 17:07,VIB: Chấp thuận thay đổi địa điểm Phòng Giao dịch Lê Văn Lương
11/04/2019 08:00,Rút tiền mặt qua thẻ tín dụng - kênh vay tiền nhanh qua ngân hàng
10/04/2019 07:10,Toàn cảnh khối nợ xấu hàng trăm nghìn tỷ đồng của các ngân hàng ở VAMC
09/04/2019 15:12,VIB: Thông báo doanh nghiệp kiểm toán đã ký hợp đồng kiểm toán BCTC kết thúc ngày 31/12/2019
09/04/2019 08:00,VIB nhận hai giải thưởng quốc tế uy tín về ngân hàng số
08/04/2019 15:30,"VIB miễn toàn bộ phí rút tiền ATM và phí chuyển tiền, vô điều kiện"
04/04/2019 09:52,"Cán bộ nhân viên VIB, Techcombank, ACB chuẩn bị nhận thưởng lớn"
03/04/2019 06:49,Các ngân hàng bất ngờ 'rụt rè' với mục tiêu lợi nhuận năm 2019
02/04/2019 09:51,VIB: Bổ nhiệm ông Đặng Khắc Vỹ giữ chức Chủ tịch HĐQT từ 28/03/2019
01/04/2019 10:12,VIB: Nghị quyết Đại hội đồng cổ đông thường niên năm 2019
29/03/2019 17:13,VIB: Nghị quyết Đại hội đồng cổ đông bất thường lần 2 năm 2019
29/03/2019 17:05,VIB: Chấp thuận thay đổi địa điểm Chi nhánh Gò Vấp - Phòng Giao dịch Phú Mỹ Hưng
29/03/2019 08:38,VIB sẽ tăng thêm 15.000 tỷ đồng vốn cấp 1 và cấp 2 trong năm nay
28/03/2019 16:24,'Sóng lớn' nhân sự cấp cao ở các ngân hàng
28/03/2019 09:56,"ĐHCĐ VIB: Bầu lãnh đạo nhiệm kỳ mới, kế hoạch lãi 3.400 tỷ trong năm nay"
28/03/2019 09:35,"VIB sẽ chia toàn bộ cổ phiếu quỹ cho nhân viên và cổ đông hiện hữu, trả cổ tức tiền mặt tỷ lệ 5,5%"
28/03/2019 08:38,"Lợi nhuận của VIB tăng gấp 4 lần trong nhiệm kỳ cũ, năm 2018 tốt nhất trong 5 năm"
26/03/2019 15:24,Ngân hàng nào đang 'để dành' lợi nhuận nhiều nhất?
21/03/2019 16:53,VIB: Bổ nhiệm bà Phạm Thị Minh Huệ giữ chức Kế toán trưởng từ 21/03/2019
21/03/2019 09:41,"Nhân viên VIB sắp nhận 175 tỷ đồng cổ phiểu thưởng, không hạn chế chuyển nhượng"
13/03/2019 10:14,VIB: Tài liệu họp Đại hội đồng cổ đông
12/03/2019 17:03,VIB: Tài liệu họp Đại hội đồng cổ đông
11/03/2019 08:59,"VIB đặt mục tiêu tăng 24% lợi nhuận trong năm 2019, nâng vốn điều lệ lên 10.900 tỷ"
07/03/2019 16:20,VIB: Chấp thuận thay đổi địa điểm Phòng Giao dịch Thăng Long - Chi nhánh Cầu Giấy
28/02/2019 20:08,"Không phải Vietcombank hay Techcombank, đây mới là ngân hàng có lãi cao nhất từ hoạt động dịch vụ"
27/02/2019 08:29,Nhà đầu tư chú ý: Có khoảng 80 doanh nghiệp sẽ tổ chức ĐHCĐ thường niên trong tháng 3 tới
25/02/2019 17:25,"Sau Tết nguyên đán, các ngân hàng lại ồ ạt tuyển dụng nhân sự"
25/02/2019 15:32,"VIB: 6.3.2019, ngày GDKHQ Tham dự ĐHĐCĐ thường niên năm 2019, lấy ý kiến cổ đông bằng văn bản"
21/02/2019 09:38,"Lỡ hẹn trong năm 2018, nhiều ngân hàng quyết lên sàn HoSE trong năm nay"
20/02/2019 14:08,Chứng khoán Yuanta dự báo năm 2019 lợi nhuận của VIB tăng 15% - 20%
19/02/2019 16:56,VIB: Thông báo ngày đăng ký cuối cùng thực hiện quyền tham dự ĐHĐCĐ thường niên 2019
15/02/2019 17:14,VIB: Điều lệ Công ty năm 2019
13/02/2019 17:10,VIB: Nghị quyết Đại hội đồng cổ đông bất thường lần 1 năm 2019
07/02/2019 07:57,Hơn 40 doanh nghiệp lãi nghìn tỷ năm 2018
02/02/2019 10:34,"Câu lạc bộ lợi nhuận nghìn tỷ năm 2018 gọi tên 16 ngân hàng, gồm những ai?"
01/02/2019 15:46,VIB: Chấp thuận thay đổi địa điểm Phòng Giao dịch Tây Sơn - Chi nhánh Sở Giao dịch
01/02/2019 13:00,VIB treo thưởng 1 tỷ đồng giải Hole in One cho gôn thủ tham dự Volvo World Golf Challenge 2019
31/01/2019 14:20,VIB: Quyết định HĐQT v/v chốt danh sách cổ đông tham dự ĐHĐCĐ thường niên 2019
30/01/2019 15:19,VIB: Phiếu lấy ý kiến cổ đông về việc Phê duyệt sửa đổi Điều lệ
30/01/2019 15:18,"VIB: Thông báo về tiêu chuẩn, điều kiện và thủ tục ứng cử, đề cử nhân sự để bầu nhân sự Nhiệm kỳ VIII"
28/01/2019 08:18,Bất ngờ với chuyển biến nợ xấu ở nhiều ngân hàng
25/01/2019 16:37,VIB: Thay đổi địa điểm Phòng Giao dịch Trung Yên trực thuộc Ngân hàng TMCP Quốc tế Việt Nam - Chi nhánh Hà Nội
25/01/2019 10:14,"Những ngày cuối năm, hàng loạt doanh nghiệp và cá nhân vẫn bị UBCKNN xử phạt"
24/01/2019 21:15,Lộ diện TOP 10 lợi nhuận ngân hàng năm 2018
22/01/2019 17:11,Một ngân hàng nội trả lương nhân viên xuất sắc tới 97 triệu đồng/tháng
22/01/2019 08:37,"VIB: 25.1.2019, ngày GDKHQ lấy ý kiến cổ đông bằng văn bản lần thứ 1 trong năm 2019"
21/01/2019 08:48,VIB: Chấp thuận niêm yết bổ sung 219.024.784 cổ phiếu
19/01/2019 15:54,Tại sao các ngân hàng thi nhau vay vốn quốc tế?
18/01/2019 08:51,"VIB: Ngày 25/01/2019, giao dịch 219.024.784 cổ phiếu niêm yết bổ sung"
17/01/2019 19:04,Ngân hàng đồng loạt báo lãi đậm
17/01/2019 08:00,"VIB báo lợi nhuận trước thuế 2018 cao kỷ lục 2.741 tỷ đồng, gần gấp đôi so với năm 2017"
16/01/2019 07:56,Bảng xếp hạng vốn điều lệ các ngân hàng đã thay đổi thế nào trong năm 2018?
11/01/2019 10:23,VIB: Thông báo về việc thay đổi địa chỉ Phòng Giao dịch Trần Nhân Tôn trực thuộc Chi nhánh Gò Vấp
11/01/2019 10:19,VIB: Thông báo về việc thay đổi địa chỉ Chi nhánh Hồ Chí Minh
10/01/2019 08:00,VIB khai trương trụ sở mới chi nhánh Đồng Nai
09/01/2019 09:58,VIB: Ngày chốt danh sách cổ đông để gửi Phiếu xin ý kiến về việc sửa đổi Điều lệ
28/12/2018 16:37,VIB: Thay đổi Giấy chứng nhận đăng ký kinh doanh
28/12/2018 11:46,Đằng sau lý do chuyển trụ sở từ Hà Nội vào Tp. Hồ Chí Minh của VIB là gì?
26/12/2018 16:47,VIB: CBTT về việc thay đổi địa điểm Phòng giao dịch Tây Hồ - Chi nhánh Lý Thường Kiệt
26/12/2018 07:16,"Ngoài Vietcombank và VIB, các ngân hàng thí điểm khác đã thực hiện Basel II đến đâu?"
24/12/2018 09:50,VIB: Bản chấp thuận của Ngân hàng Nhà nước về việc thay đổi địa chỉ Chi nhánh Đồng Nai
24/12/2018 09:48,VIB: Bản chấp thuận của Ngân hàng Nhà nước v/v thay đổi địa chỉ Phòng Giao dịch Tân Mai - Chi nhánh Đồng Nai
21/12/2018 15:17,VIB: Thông báo thay đổi giấy phép thành lập và hoạt động của Ngân hàng
13/12/2018 15:44,VIB: Thay đổi Giấy chứng nhận đăng ký kinh doanh
13/12/2018 15:43,VIB: Công bố Mẫu con dấu mới
08/12/2018 09:13,VIB ồ ạt 'tấn công' thị trường thẻ
06/12/2018 22:02,Ngân hàng chạy đua hoàn thành kế hoạch tăng vốn cuối năm
04/12/2018 08:13,"Áp dụng Basel II sớm, ngân hàng được và mất gì?"
30/11/2018 16:23,VIB: Nghị quyết Đại hội đồng cổ đông bất thường năm 2018
29/11/2018 16:24,VIB: Công bố thông tin Quyết định thay đổi con dấu công ty
29/11/2018 09:25,VIB: Chấp thuận về việc thay đổi địa điểm Chi Nhánh Hoàn Kiếm
29/11/2018 09:23,VIB: Thông báo v/v chấp thuận thay đổi địa điểm và đủ điều kiện khai trương PGD Hà Thành
29/11/2018 08:19,Vietcombank và VIB sẽ được hưởng cơ chế riêng về tăng trưởng tín dụng và mở rộng mạng lưới?
28/11/2018 17:26,VIB là ngân hàng tư nhân đầu tiên được NHNN trao quyết định thực hiện Basel II
27/11/2018 12:42,Nợ xấu các ngân hàng có tăng mạnh trở lại trong năm 2019?
26/11/2018 19:40,"Khả năng 'kiếm tiền' tăng mạnh, nhân viên ngân hàng lại 'hóng' thưởng cuối năm"
26/11/2018 00:00,VIB: Số lượng cổ phiếu có quyền biểu quyết đang lưu hành là 751.541.575 CP
24/11/2018 10:46,"VIB hoàn tất chia cổ phiếu thưởng tỷ lệ 41,13%"
23/11/2018 13:39,Ngân hàng nào có nhiều nhân viên nghỉ việc nhất từ đầu năm đến nay?
19/11/2018 18:34,"Đua nhau phát hành trái phiếu, rủi ro nào chờ các ngân hàng phía trước?"
17/11/2018 14:56,Ngân hàng nào đang cho vay nhiều nhất?
15/11/2018 17:02,VIB: Quyết định của Ngân hàng Nhà nước về việc sửa đổi nội dung Giấy phép thành lập và hoạt động
14/11/2018 09:19,"10 tháng VIB lãi gần 2.000 tỷ đồng, tăng 187% so với cùng kỳ"
12/11/2018 15:47,"VIB: 14.11.2018, ngày GDKHQ lấy ý kiến cổ đông bằng văn bản"
12/11/2018 07:23,"Điểm danh những doanh nghiệp trả cổ tức bằng tiền, cổ phiếu và cổ phiếu thưởng tuần này"
12/11/2018 00:00,"VIB: 16.11.2018, ngày GDKHQ trả cổ phiếu thưởng cho cổ đông hiện hữu (tỷ lệ 41,13%)"
11/11/2018 08:04,Vốn điều lệ của 10 ngân hàng được bổ sung thêm hơn 43.500 tỷ trong 9 tháng đầu năm
08/11/2018 11:28,VIB: Công bố thông tin phát hành cổ phiếu để tăng vốn cổ phần từ nguồn vốn chủ sở hữu
08/11/2018 11:28,VIB: CBTT v/v Tài liệu báo cáo phát hành cổ phiếu để tăng vốn cổ phần từ nguồn vốn chủ sở hữu của VIB
08/11/2018 08:04,VIB được chấp thuận tăng vốn điều lệ lên hơn 7.800 tỷ đồng
07/11/2018 15:25,"Khả năng sinh lời của OCB, ACB, VIB tăng mạnh"
07/11/2018 14:13,VIB: Quyết định Hội đồng quản trị về việc chốt danh sách cổ đông nhận cổ phiếu thưởng
07/11/2018 10:27,Nguồn thu chủ yếu của các ngân hàng 9 tháng đầu năm đến từ đâu?
06/11/2018 10:33,VIB: CBTT về việc thành lập Phòng Giao dịch VIB Hà Thành
05/11/2018 16:37,"VIB: 7.11.2018, ngày GDKHQ trả cổ tức bằng tiền mặt (498đ/cp)"
05/11/2018 08:37,"Điểm danh những doanh nghiệp trả cổ tức bằng tiền, cổ phiếu và cổ phiếu thưởng tuần này"
02/11/2018 11:38,"Đã có 15 ngân hàng lãi nghìn tỷ, nhiều ngân hàng vượt kế hoạch lợi nhuận cả năm chỉ sau 9 tháng"
02/11/2018 07:47,Lịch chốt quyền nhận cổ tức bằng tiền của 5 doanh nghiệp
31/10/2018 17:11,VIB: Thông báo về việc chia cổ tức 2017 bằng tiền mặt
30/10/2018 22:56,Moody’s tiếp tục nâng xếp hạng tín dụng đối với các ngân hàng Việt
30/10/2018 15:20,VIB: Nghị quyết HĐQT thông báo ngày chốt danh sách cổ đông nhận cổ tức năm 2017 bằng tiền
30/10/2018 10:37,Ngân hàng nào đang 'ăn nên làm ra' nhất từ dịch vụ?
26/10/2018 10:20,VIB: Quyết định v/v chốt danh sách cổ đông để gửi xin ý kiến bằng văn bản
19/10/2018 08:47,VIB: CBTT về việc bổ sung hoạt động ví điện tử vào Giấy phép hoạt động của VIB
19/10/2018 07:28,"VIB báo lãi hơn 1.720 tỷ đồng trong 9 tháng, tăng 176% so với cùng kỳ 2017"
18/10/2018 17:04,VIB: VIB nhận được văn bản chấp nhận của Ngân hàng Nhà nước Việt Nam về việc tăng vốn điều lệ
18/10/2018 17:00,VIB: Thông báo về việc phát hành trái phiếu đợt 02 năm 2018
18/10/2018 14:43,VIB được chấp thuận tăng vốn điều lệ từ 5.644 tỷ lên trên 7.800 tỷ đồng
15/10/2018 10:49,VIB: Công bố v/v nhận được hồ sơ đăng ký chào bán trái phiếu và niêm yết trái phiếu tại nước ngoài của VIB
13/10/2018 11:39,"'Con vua thì lại làm vua', con sếp ngân hàng mấy ai còn nối nghiệp?"
03/10/2018 15:08,VIB: Thông báo thay đổi Giấy phép thành lập và hoạt động
01/10/2018 13:21,VIB thu về 2.800 tỷ đồng từ phát hành trái phiếu đợt 1 năm 2018
28/09/2018 17:03,VIB: Thông báo v/v phát hành trái phiếu Đợt 01 năm 2018
26/09/2018 17:59,VIB: CBTT v/v chấp thuận thay đổi địa điểm Ngân hàng TMCP Quốc tế Việt Nam - Chi nhánh TP. HCM
20/09/2018 16:54,VIB: Vợ ông Đặng Khắc Vỹ - Chủ tịch HĐQT đã bán 500.000 CP
20/09/2018 09:02,VIB: Số lượng cổ phiếu có quyền biểu quyết đang lưu hành là 532.520.025 CP
20/09/2018 09:00,VIB: Đã bán 1.944.790 cổ phiếu quỹ
19/09/2018 15:26,VIB: Ông Trịnh Thanh Bình - Trưởng Ban kiểm soát đã mua 4.230 CP
07/09/2018 14:36,Các ngân hàng làm gì khi không được nới 'room' tín dụng?
06/09/2018 10:23,VIB: Ông Hồ Vân Long - Phó Tổng Giám đốc đã mua 14.690 CP
06/09/2018 10:22,VIB: Ông Hàn Ngọc Vũ - Ủy viên HĐQT đã mua 12.740 CP
06/09/2018 10:21,VIB: Bà Nguyễn Lương Thị Bích Thủy - Thành viên BKS đã mua 2.500 CP
06/09/2018 10:20,VIB: Ông Lê Quang Trung - Phó Tổng Giám đốc đã mua 59.460 CP
06/09/2018 10:19,VIB: Ông Hoàng Linh - Giám đốc tài chính đã mua 7.440 CP
06/09/2018 10:17,VIB: Bà Vương Thị Huyền - Phó Tổng Giám đốc đã mua 13.620 CP
06/09/2018 10:17,VIB: Ông Trần Nhất Minh - Phó Tổng Giám đã đã mua 8.840 CP
04/09/2018 08:24,VIB: Bổ nhiệm bà Nguyễn Thị Thanh Tâm giữ chức Kế toán trưởng từ 01/09/2018
31/08/2018 16:00,VIB: Ông Ân Thanh Sơn - Phó Tổng Giám đốc đã mua 8.840 CP
30/08/2018 09:35,Siết tín dụng ngoại tệ: Ngân hàng nào đang “ôm” cho vay USD nhiều nhất?
29/08/2018 16:24,VIB: Vợ ông Đặng Khắc Vỹ - Chủ tịch HĐQT đăng ký bán 500.000 CP
23/08/2018 22:15,Kinh doanh và dịch vụ bảo hiểm: Con gà đẻ trứng vàng của các ngân hàng
23/08/2018 15:40,"Gửi tiết kiệm trung, dài hạn ngân hàng nào có lãi tốt?"
15/08/2018 08:59,VIB: Bổ nhiệm ông Ân Thanh Sơn làm người được ủy quyền công bố thông tin từ 13/08/2018
15/08/2018 06:21,Các ngân hàng đã dùng hết bao nhiêu chỉ tiêu tăng trưởng tín dụng của năm nay?
14/08/2018 15:18,VIB: Ông Trần Nhất Minh - Phó Tổng Giám đốc đăng ký mua 8.840 CP
14/08/2018 15:00,VIB: Ông Lê Quang Trung - Phó Tổng Giám đốc đăng ký mua 59.460 CP
13/08/2018 14:42,VIB: Ông Ân Thanh Sơn - Phó Tổng Giám đốc đăng ký mua 8.840 CP
10/08/2018 16:16,VIB: Ông Hoàng Linh - Giám đốc tài chính đăng ký mua 7.440 CP
10/08/2018 16:16,VIB: Ông Hoàng Linh - Giám đốc tài chính đăng ký mua 7.440 CP
10/08/2018 16:16,VIB: Ông Hồ Vân Long - Phó Tổng Giám đốc đăng ký mua 14.690 CP
10/08/2018 16:14,VIB: Bà Nguyễn Lương Thị Bích Thủy - Thành viên BKS đăng ký mua 2.500 CP
10/08/2018 16:14,VIB: Ông Trịnh Thanh Bình - Trưởng Ban kiểm soát đăng ký mua 4.230 CP
10/08/2018 16:14,VIB: Bà Vương Thị Huyền - Phó Tổng Giám đốc đăng ký mua 13.620 CP
10/08/2018 16:13,VIB: Ông Hàn Ngọc Vũ - Ủy viên HĐQT đăng ký mua 12.740 CP
09/08/2018 15:09,VIB: CBTT  thay đổi địa điểm Phòng giao dịch Chợ Vinh
05/08/2018 06:46,Câu lạc bộ ngân hàng lãi nghìn tỷ 6 tháng đầu năm gọi tên những nhà băng nào?
03/08/2018 13:26,"Cuối tháng 7, VIB đã xóa sạch nợ tại VAMC"
02/08/2018 12:33,VIB: Miễn nhiệm ông Loic Faussier - Phó TGĐ từ 29/07/2018
02/08/2018 08:26,"Thêm nhiều doanh nghiệp lãi lớn, Câu lạc bộ lãi nghìn tỷ đã điền tên 30 doanh nghiệp"
01/08/2018 21:59,"Nếu không tính các 'con', ngân hàng mẹ làm ăn thế nào 6 tháng qua?"
01/08/2018 13:22,VIB: Nghị quyết Đại hội đồng cổ đông bất thường năm 2018
31/07/2018 17:18,VIB: Ông Hồ Vân Long - Phó Tổng Giám đốc đã mua 2.236.526 CP
31/07/2018 09:42,Lợi nhuận của VIB năm 2018 được dự báo tăng gần 70%
30/07/2018 16:45,Nhiều ngân hàng báo lãi kỷ lục nửa đầu năm
30/07/2018 09:16,Thấy gì từ top ngân hàng có lợi nhuận 6 tháng tăng vọt trên 100%?
27/07/2018 14:22,Câu lạc bộ lãi nghìn tỷ đã gọi tên hơn hai chục doanh nghiệp
27/07/2018 09:47,Lãi từ dịch vụ của nhiều ngân hàng tăng mạnh
25/07/2018 08:07,"Thêm rất nhiều doanh nghiệp báo lãi tăng trưởng đột biến, vượt xa kế hoạch năm"
23/07/2018 17:00,Những ngân hàng nào đã vượt nửa chặng đường kế hoạch lợi nhuận năm 2018?
23/07/2018 08:09,VIB: Vợ ông Hồ Vân Long - Phó Tổng Giám đốc đã bán 1.604.105 CP
20/07/2018 15:44,"VIB báo lãi đột biến gấp 3 lần cùng kỳ, tỷ lệ nợ xấu giảm xuống 2,33%"
16/07/2018 10:37,Cổ phiếu ngân hàng về mức hấp dẫn
15/07/2018 10:28,Cán bộ nhân viên VIB chuẩn bị nhận thưởng lớn
11/07/2018 04:55,Lợi nhuận ngân hàng quý 2 chờ…bùng nổ!
10/07/2018 10:56,"VIB lãi trước thuế 1.151 tỷ trong 6 tháng đầu năm, gấp 3 lần cùng kỳ 2017"
09/07/2018 16:13,VIB: Tài liệu lấy ý kiến cổ đông bằng văn bản về việc phát hành trái phiếu tăng vốn cấp 2
09/07/2018 14:31,VIB lấy ý kiến cổ đông về việc phát hành 200 triệu USD trái phiếu
03/07/2018 17:58,VIB: Nghị quyết HĐQT phê duyệt quy định sử dụng Cổ phiếu quỹ để chia thưởng cán bộ nhân viên
29/06/2018 13:40,"Chưa hết nửa năm, VIB báo lãi trước thuế tăng 230%, Vietcombank lợi nhuận trên 7.700 tỷ"
29/06/2018 07:47,"Phó Tổng giám đốc VIB muốn mua 2,3 triệu cổ phiếu VIB"
28/06/2018 16:57,VIB: Vợ ông Hồ Vân Long - Phó Tổng Giám đốc đăng ký bán 1.604.105 CP
28/06/2018 16:55,VIB: Ông Hồ Vân Long - Phó Tổng Giám đốc đăng ký mua 2.300.000 CP
27/06/2018 09:44,"VIB: 3.7.2018, ngày đăng ký cuối cùng lấy ý kiến cổ đông bằng văn bản"
22/06/2018 16:12,VIB: Thông báo chuyển địa điểm VIB Long Khánh
15/06/2018 15:02,VIB: Nghị quyết HĐQT thông qua ngày chốt danh sách cổ đông xin ý kiến p/an phát hành trái phiếu tăng vốn cấp 2
12/06/2018 08:44,VIB đang thể hiện 'đẳng cấp' với nhân viên và cổ đông
10/06/2018 07:42,"Bắt tay để cùng Win – Win, ngân hàng báo lãi đậm nhưng bảo hiểm lại...lỗ nặng"
07/06/2018 10:04,Tăng vốn: Thể hiện “sức khỏe” nhà băng
01/06/2018 13:05,"Ồ ạt tăng vốn, thứ hạng các ngân hàng sẽ thay đổi thế nào?"
29/05/2018 18:20,VIB: Thông báo bổ sung địa chỉ VIB Sài Gòn
28/05/2018 15:33,Nhiều ngân hàng bội thu từ chứng khoán
24/05/2018 09:25,Ồ ạt tuyển nhân sự cho Basel II
19/05/2018 21:18,Soi cơ cấu huy động vốn các ngân hàng thương mại
16/05/2018 17:54,VIB: CBTT thay đổi tên và địa điểm VIB Nguyễn Thị Thập
10/05/2018 15:38,Nỗi niềm mang tên phí dịch vụ ngân hàng
07/05/2018 17:51,VIB: CBTT VIB Hà Đông khai trương tại địa điểm mới
29/04/2018 08:02,Hàng loạt ngân hàng chính thức công bố lãi đậm trong quý 1/2018
24/04/2018 07:45,Khả năng sinh lời của nhiều ngân hàng đang ở mức rất cao
22/04/2018 19:48,Lộ diện bức tranh ngân hàng quý I/2018: Nhiều điểm sáng tăng trưởng
18/04/2018 15:04,"VIB báo lãi trước thuế 518 tỷ, doanh thu từ bán lẻ tăng gấp đôi trong quý 1/2018"
17/04/2018 20:00,Dân đang gửi tiền nhiều nhất vào ngân hàng nào?
17/04/2018 17:37,VIB: Đổi tên và chuyển địa điểm mới VIB Tân Định
15/04/2018 16:12,Thứ hạng về tổng tài sản của các ngân hàng hiện nay ra sao?
13/04/2018 19:27,Tín dụng bán lẻ: Đóng góp quan trọng cho lợi nhuận NH
13/04/2018 16:25,Bảng xếp hạng vốn điều lệ của các ngân hàng đã thay đổi đáng kể
12/04/2018 07:29,2018 lại ồ ạt tăng vốn và mở rộng mạng lưới ngân hàng?
10/04/2018 12:14,Hàng loạt ngân hàng hạ lãi suất tiết kiệm
09/04/2018 19:25,Những “điểm nóng” của mùa đại hội ngân hàng 2018
09/04/2018 16:25,"Nhân sự ngân hàng: vào, ra tấp nập"
06/04/2018 16:51,"Mới hết quý 1, các ngân hàng đã đua nhau báo lãi đậm"
05/04/2018 07:29,Đã có hàng loạt doanh nghiệp đặt mục tiêu lãi nghìn tỷ năm 2018
05/04/2018 07:28,"Ngân hàng được mùa cổ tức, cổ phiếu thưởng!"
03/04/2018 11:05,VIB: Bổ nhiệm ông Michael John Murphy giữ chức thành viên HĐQT từ 2.4.2018
03/04/2018 11:04,VIB: Nghị quyết Đại hội đồng cổ đông thường niên năm 2018
30/03/2018 09:01,Lợi nhuận ngân hàng khởi động ấn tượng đầu năm 2018
29/03/2018 10:07,"VIB báo lãi trước thuế hơn 500 tỷ trong quý 1, gấp 3 lần cùng kỳ 2017"
29/03/2018 08:42,VIB sẽ lên sàn HoSE
28/03/2018 14:28,"Chơi trội, VIB quyết thưởng gần 2 triệu cổ phiếu cho người lao động"
27/03/2018 13:21,VIB: Tài liệu họp Đại hội đồng cổ đông
27/03/2018 07:06,4 ngân hàng lớn sẽ tổ chức Đại hội cổ đông trong tuần này
26/03/2018 14:20,Nhiều ngân hàng vẫn thận trọng với 2018
23/03/2018 11:53,"Sau một năm kinh doanh thành công, nhiều doanh nghiệp 'vặn dây cót' cho năm 2018"
15/03/2018 18:02,"Không chỉ tăng lương, các ngân hàng còn đua phát hành cổ phiếu ESOP để giữ chân nhân tài"
14/03/2018 17:07,VIB: Thông báo VIB Nguyễn Chí Thanh chính thức được đổi tên thành VIB Lê Văn Lương và chuyển tới địa điểm mới
14/03/2018 16:57,VIB: Tài liệu họp Đại hội đồng cổ đông 2018
05/03/2018 16:56,Ngân hàng nào đang kiếm lãi nhiều nhất từ hoạt động dịch vụ?
01/03/2018 20:06,Cổ đông VIB thông qua chuyển Trụ sở ở Hà Nội vào Tp.HCM
01/03/2018 11:09,VIB: Nghị quyết Đại hội đồng cổ đông bất thường năm 2018
28/02/2018 08:54,Các cổ phiếu ngân hàng đang phân hóa 'đẳng cấp' như thế nào?
19/02/2018 08:33,Điểm danh những doanh nghiệp lên sàn trong năm con Gà có giá cổ phiếu tăng mạnh
12/02/2018 10:26,VIB: CBTT khai trương VIB Quận 1 - Tp. Hồ Chí Minh
09/02/2018 16:37,VIB: CBTT Tài liệu lấy ý kiến cổ đông bằng văn bản
08/02/2018 08:17,Có hơn 30 doanh nghiệp đạt lãi trên nghìn tỷ năm 2017
06/02/2018 14:02,Techcombank vượt qua Vietcombank trở thành ngân hàng có nhân sự 'kiếm tiền giỏi nhất'
02/02/2018 10:26,Nhiều ngân hàng lên kế hoạch sớm Đại hội cổ đông thường niên 2018
31/01/2018 16:24,VIB bầu bổ sung 2 thành viên Hội đồng quản trị
31/01/2018 11:12,VIB: Tài liệu họp Đại hội đồng cổ đông
31/01/2018 11:11,VIB: CBTT chấp thuận của NHNN về đề nghị thay đổi địa điểm của PGD Nguyễn Cơ Thạch
31/01/2018 11:11,VIB: CBTT chấp thuận của NHNN về đề nghị thay đổi địa điểm của PGD Nguyễn Chí Thanh
29/01/2018 21:44,Hàng loạt ngân hàng có lợi nhuận vượt xa kỳ vọng
29/01/2018 16:59,"VIB: 6.2.2018, ngày GDKHQ lấy ý kiến cổ đông bằng văn bản"
23/01/2018 15:42,VIB: Báo cáo giải trình biến động lợi nhuận BCTC Quý 4.2017
22/01/2018 11:08,VIB: VIB Chi nhánh Hồ Gươm chính thức khai trương
21/01/2018 11:40,"Nửa tháng lên sàn, cổ phiếu HDBank tăng vọt 37% và sắp đuổi kịp VPBank"
20/01/2018 14:14,VIB sắp chuyển trụ sở chính
19/01/2018 17:52,Đã có trên 30 doanh nghiệp báo cáo vượt xa kế hoạch lợi nhuận năm 2017
19/01/2018 15:27,VIB: Quyết định HĐQT ngày chốt danh sách cổ đông để gửi xin ý kiến bằng văn bản phê duyệt thay đổi chủ sở chính
17/01/2018 09:21,"VIB: 24.1.2018, ngày GDKHQ tham dự Đại hội đồng cổ đông thường niên năm 2018 và thông báo đề cử ứng cử  bầu thay thế thành viên Hội đồng quản trị"
16/01/2018 22:18,"VIB bất ngờ báo lãi hơn 1.400 tỷ, gần gấp đôi so với kế hoạch"
15/01/2018 17:21,VIB: Thông báo về việc Ngân hàng Nhà nước chấp thuận đề nghị thay đổi địa điểm VIB Thành Công
08/01/2018 11:27,"VIB: Quyết định HĐQT về ngày chốt danh sách cổ đông để gửi thông báo việc đề cử, ứng cử bầu thay thế thành viên HĐQT và để triệu tập họp ĐHĐCĐ thường niên 2018"
05/01/2018 18:10,VIB: Công bố chấp thuận của NHNN về đề nghị chấp thuận thay đổi địa điểm của VIB Đồng Nai
05/01/2018 17:43,VIB: Thông báo về việc phát hành trái phiếu của VIB
02/01/2018 15:29,VIB: Nghị quyết ĐHĐCĐ bất thường 2017
29/12/2017 09:26,NHNN “thưởng Tết Dương lịch” riêng cho vài ngân hàng và các doanh nghiệp xuất khẩu
26/12/2017 17:18,Ngân hàng ồ ạt lên sàn
21/12/2017 17:27,VIB: Báo cáo kết quả giao dịch cổ phiếu quỹ
21/12/2017 17:18,VIB: Tài liệu họp Đại hội đồng cổ đông
18/12/2017 14:18,VIB: CBTT về việc phát hành trái phiếu tăng vốn cấp 2 của VIB
06/12/2017 08:37,"Người nhà “Sếp” VIB gom thành công gần 1,4 triệu cổ phiếu, trị giá khoảng 30 tỷ"
04/12/2017 15:43,VIB: Vợ ông Hồ Vân Long - Phó Tổng Giám đốc đã mua 1.379.370 CP
04/12/2017 15:42,VIB: Ông Trần Tuấn Minh - Giám đốc đã mua 100.000 CP
04/12/2017 15:39,"VIB: 15.12.2017, ngày GDKHQ lấy ý kiến cổ đông bằng văn bản"
29/11/2017 15:37,Cuộc rượt đuổi của các cổ phiếu ngân hàng
29/11/2017 08:05,VIB xin ý kiến cổ đông trích 700 tỷ đồng từ lợi nhuận năm 2017 để bổ sung vốn cấp 1
28/11/2017 09:51,VIB: Nghị quyết HĐQT thông qua việc trình ĐHCĐ phê duyệt phương án trích LNST để lập quỹ Đầu tư và phát triển nghiệp vụ
25/11/2017 16:01,Techcombank bất ngờ được The Asian Banker đánh giá cao hơn cả ngân hàng lớn về khả năng sinh lời lâu dài từ kinh doanh cốt lõi
22/11/2017 07:44,"Bầu Hiển, ông Dương Công Minh, Đỗ Minh Phú... sẽ buộc phải lựa chọn chỉ 1 vị trí: Chủ tịch ngân hàng hoặc chủ tịch doanh nghiệp"
16/11/2017 14:12,VIB trông chờ gì ở khoản vay 185 triệu USD từ quốc tế?
09/11/2017 17:33,VIB: Con ôngĐặng Khắc Vỹ - Chủ tịch HĐQT đã mua 27.659.249 CP
09/11/2017 11:21,VIB vay 185 triệu USD từ IFC
07/11/2017 14:29,VIB: CBTT v/v Ngân hàng Nhà nước xác nhận VIB đã đăng ký khoản vay nước ngoài tại NHNN
03/11/2017 16:19,Lương của nhân viên ngân hàng nhỏ chưa bằng một nửa nhà băng lớn
03/11/2017 10:35,"Vợ một sếp lớn VIB dự chi hơn 30 tỷ để mua 1,4 triệu cổ phiếu ngân hàng"
02/11/2017 15:44,VIB: Vợ ông Hồ Vân Long - Phó Tổng Giám đốc đăng ký mua 1.400.000 CP
01/11/2017 14:45,VIB: Thông báo về việc khai trương phòng giao dịch mới VIB Dĩ An
27/10/2017 17:23,VIB: Thông báo v/v thay đổi địa điểm trụ sở làm việc mới của VIB Thạch Thất
27/10/2017 17:23,VIB: Thay đổi địa điểm trụ sở làm việc của VIB Chi nhánh Hà Đông
24/10/2017 08:26,VIB: Công bố thông tin về việc mua cổ phiếu quỹ
23/10/2017 20:30,VIB được UBCK chấp thuận phương án mua lại 57 triệu cổ phiếu quỹ
20/10/2017 09:15,"VIB báo lãi 9 tháng đạt 623 tỷ đồng, hoàn tất nhận chuyển nhượng ngân hàng CBA - Chi nhánh TP.HCM"
13/10/2017 10:02,Những doanh nhân “nổi như cồn” trong lĩnh vực ngân hàng năm 2017
11/10/2017 17:42,"Qua giai đoạn khó khăn, “thế hệ F2” của các ông chủ nhà băng lại đua nhau nhảy vào ngân hàng"
10/10/2017 07:00,Các cổ phiếu ngân hàng chào sàn 2017 đã biến động thế nào?
06/10/2017 17:43,VIB: Nghị quyết Đại hội đồng cổ đông bất thường năm 2017
06/10/2017 14:41,Giao dịch của Lãnh đạo Doanh nghiệp: Khi lãnh đạo quyết liệt ra tay
05/10/2017 17:06,VIB: Bố vợ ông Đặng Khắc Vỹ - chủ tịch HĐQT đã bán 27.939.880 cp
05/10/2017 15:40,VIB: Vợ ông Đặng Khắc Vỹ -  Chủ tịch HĐQT đã mua 27.939.880 CP
05/10/2017 15:39,VIB: Con ông Đặng Khắc Vỹ - Chủ tịch HĐQT đăng ký mua 28.100.000 CP
14/09/2017 20:22,Vợ chủ tịch VIB sẽ chi 600 tỷ đồng để mua 28 triệu cổ phiếu?
14/09/2017 16:04,VIB: Vợ ông Đặng Khắc Vỹ - Chủ tịch HĐQT đăng ký mua 27.939.880 CP
14/09/2017 14:54,Một cổ đông lớn của VIB đăng ký bán toàn bộ gần 28 triệu cổ phiếu
14/09/2017 09:41,VIB: Bố vợ ông Đặng Khắc Vỹ - chủ tịch HĐQT đăng ký bán 27.939.880 cp
08/09/2017 09:41,CEO VIB Hàn Ngọc Vũ: “Nới room tín dụng là cơ hội để ngân hàng khai thác tốt hơn tiềm năng của mình”
07/09/2017 15:20,"VIB: 13.9.2017, ngày GDKHQ lấy ý kiến cổ đông bằng văn bản"
06/09/2017 12:02,VIB: Trích Nghị quyết HĐQT v/v trình ĐHĐCĐ phê duyệt hủy Phương án tăng vốn điều lệ năm 2017 và thông qua Phương án mua cổ phiếu quỹ
06/09/2017 09:54,VIB: Thông báo khai trương Chi nhánh VIB Tôn Đức Thắng - TP Hồ Chí Minh
05/09/2017 15:16,Ngân hàng đua nhau mua cổ phiếu quỹ hay chỉ là...bất đắc dĩ?
22/08/2017 17:23,VIB: Giải trình biến động lợi nhuận sau thuế tại BCTC bán niên soát xét 2017
21/08/2017 17:42,VIB: Thông báo thay đổi địa điểm trụ sở làm việc của VIB Bạch Đằng
15/08/2017 14:47,"6 tháng đầu năm, tổng tài sản của VIB tăng hơn 10%"
07/08/2017 16:29,VIB: Ông Loic Michel Marc Faussier - Phó Tổng Giám đốc đã mua 343.950 CP
04/08/2017 15:04,"VIB: Quyết định v/v Sửa đổi, bổ sung Giấy phép của Ngân hàng thương mại cổ phần Quốc tế Việt Nam"
03/08/2017 14:13,VIB: Ông Hoàng Linh - Quyền Giám đốc Tài chính đã mua 4.000 cp
01/08/2017 10:21,BVSC dự báo VIB sẽ lãi ròng gần 700 tỷ đồng trong năm nay
26/07/2017 16:54,Bức tranh lợi nhuận ngân hàng dần lộ diện
26/07/2017 14:36,VIB: Thông báo thay đổi địa điểm trụ sở làm việc của VIB Thuận An
26/07/2017 10:24,VIB: Thông báo thay đổi địa điểm trụ sở làm việc của VIB Hưng Lợi
25/07/2017 10:18,VIB: Thông báo thay đổi địa điểm trụ sở làm việc mới của VIB Huế
19/07/2017 08:40,"6 tháng, VIB đã dùng gần hết “room” tín dụng được giao của cả năm"
06/07/2017 08:51,Sếp ngoại của VIB liên tục gom cổ phiếu
05/07/2017 15:56,VIB: Ông Loic Michel Marc Faussier - Phó Tổng Giám đốc đăng ký mua 700.000 CP
03/07/2017 16:06,VIB thâu tóm chi nhánh ngân hàng nước ngoài hay là bước đi chiến lược?
29/06/2017 16:42,VIB đã hoàn tất mua một chi nhánh ngân hàng nước ngoài
29/06/2017 15:21,VIB: Ông Hoàng Linh - Quyền Giám đốc Tài chính đăng ký mua 150.000 cp
22/06/2017 10:39,"Ngày 5/7, VIB chi trả cổ tức tiền mặt tỷ lệ 5%"
16/06/2017 11:44,Cổ phiếu nhiều ngân hàng đang tìm về 'quá khứ vàng son'
15/06/2017 11:13,"Chưa hết nửa năm, ngân hàng đã đua nhau khoe lãi lớn"
07/06/2017 15:54,VIB: Vợ ông Hồ Vân Long - Phó Tổng Giám đốc đã mua 8.000 CP
24/05/2017 19:34,"Nhà đầu tư chú ý, có mấy chục doanh nghiệp sẽ chốt quyền nhận cổ tức trong 10 ngày đầu tháng 6"
24/05/2017 15:33,"VIB: 2.6.2017, ngày GDKHQ trả cổ tức bằng tiền mặt (500 đ/cp)"
24/05/2017 15:22,VIB: Ông Loic Michel Marc Faussier - Phó Tổng Giám đốc đã mua 416.500 CP
24/05/2017 07:27,Lịch chốt quyền nhận cổ tức bằng tiền của 8 doanh nghiệp
22/05/2017 06:56,"Nằm trong top 3 cổ phiếu ngân hàng giá cao nhất trên sàn, triển vọng nào cho VIB?"
19/05/2017 09:46,VIB: Nghị quyết HĐQT v/v chi trả cổ tức năm 2016
17/05/2017 08:41,VIB: Thông báo thay đổi địa điểm trụ sở làm việc mới của VIB Cà Mau
11/05/2017 07:55,10 ngân hàng giữ hơn 50.000 tỷ đồng nợ xấu
10/05/2017 15:44,VIB: Vợ ông Hồ Vân Long - Phó Tổng Giám đốc đăng ký mua 200.000 CP
03/05/2017 16:30,"Hơn 32.000 tỷ đồng vốn điều lệ được bơm thêm, hệ thống ngân hàng sẽ chứng kiến những 'sao đổi ngôi'"
03/05/2017 14:30,VIB: Nghị quyết Đại hội đồng cổ đông thường niên năm 2017
27/04/2017 09:41,VIB lên kế hoạch mua lại mảng bán lẻ của ngân hàng khác
27/04/2017 09:33,"ĐHCĐ VIB: Chia cổ tức và cổ phiếu thưởng tỷ lệ hơn 44%, năm 2017 vẫn tiếp tục sàn UPCoM"
26/04/2017 17:20,VIB: Vợ ông Hồ Vân Long - Phó Tổng Giám đốc chưa mua cp
21/04/2017 00:00,VIB: Ông Loic Michel Marc Faussier - Phó Tổng Giám đốc đăng ký mua 900.000 CP
20/04/2017 22:45,"Ngân hàng VIB báo lãi sau thuế 125 tỷ quý I, tăng 13,6% so cùng kỳ"
13/04/2017 11:18,VIB: Tài liệu họp Đại hội đồng cổ đông
12/04/2017 13:13,"VIB dự kiến chia cổ tức và cổ phiếu thưởng tỷ lệ 44,6%, phát hành cổ phiếu thưởng cho nhân viên"
31/03/2017 09:17,VIB tổ chức Đại hội cổ đông vào ngày 27/4
29/03/2017 16:13,VIB: Ông Loic Michel Marc Faussier - Phó Tổng Giám đốc chưa mua cp
24/03/2017 16:05,VIB: Vợ ông Hồ Vân Long - Phó Tổng Giám đốc đăng ký mua 200.000 CP
24/03/2017 11:07,VIB: Vợ ông Hồ Vân Long - Phó Tổng Giám đốc đã mua 216.735 CP
15/03/2017 14:48,"VIB: 23.3.2017, ngày GDKHQ tổ chức Đại hội đồng cổ đông thường niên năm 2017"
11/03/2017 09:18,"10 ngân hàng đã 'bơm' gần 2,7 triệu tỷ đồng vào nền kinh tế"
10/03/2017 07:34,Các sếp ngân hàng mạnh tay gom cổ phiếu
02/03/2017 08:22,"Tiền rủng rỉnh, ngân hàng đẩy mạnh đầu tư"
01/03/2017 14:05,"Phó Tổng Giám đốc Ngân hàng VIB muốn mua thêm 1,1 triệu cổ phiếu VIB"
01/03/2017 09:21,VIB: Ông Loic Michel Marc Faussier - Phó Tổng Giám đốc đăng ký mua 1.100.000 CP
27/02/2017 16:23,VIB: Loic Michel Marc Faussier - Phó Tổng Giám đốc đã mua 72.500 CP
20/02/2017 16:43,VIB: Vợ ông Hồ Vân Long - Phó Tổng giám đốc đăng ký mua 400.000 CP
12/02/2017 16:05,Tín dụng các ngân hàng đang đổ nhiều nhất vào đâu?
10/02/2017 16:57,"Không chỉ liên quan thanh khoản, còn lý do khác thúc đẩy các ngân hàng tăng vay mượn trên liên ngân hàng"
05/02/2017 10:58,Chỉ 2 ngày làm việc cũng làm nóng ran thị trường tài chính tuần đầu năm Đinh Dậu
02/02/2017 14:29,"Ngân hàng VIB tăng trưởng cho vay 26%, nợ xấu bán VAMC giảm 30%"
20/01/2017 18:05,VIB: Ông Loic Faussier - Phó Tổng Giám đốc đăng ký mua 1.200.000 CP
16/01/2017 11:49,VIB lao về giá trị thực?
15/01/2017 21:32,Tin tốt dồn dập đến với ngân hàng ngay đầu năm 2017
09/01/2017 16:44,Cổ phiếu VIB giá 17.000 đồng đắt hay rẻ?
09/01/2017 12:02,Tại sao Habeco chọn lên UpCOM trước khi niêm yết trên HoSE?
09/01/2017 11:22,"Ngày 9/1, sàn UpCOM đón thêm 6 mã cổ phiếu với tổng vốn hóa 12.200 tỷ đồng"
09/01/2017 08:36,"Cổ phiếu VIB chính thức chào sàn, giá tham chiếu 17.000 đồng/cổ phiếu"
09/01/2017 07:27,"VIB Bank lên sàn với giá cao hơn cổ phiếu của Vietinbank và BIDV, “điều kỳ diệu” gì sẽ được tạo ra?"
09/01/2017 07:05,VIB hôm nay lên sàn
08/01/2017 15:42,Cổ phiếu nhóm ngân hàng 'nổi sóng'
03/01/2017 07:00,Đừng quên mất những cổ phiếu này khi bước vào tuần giao dịch đầu tiên của TTCK 2017
30/12/2016 20:35,VIB lên sàn với giá khởi điểm 17.000 đồng/cổ phiếu
30/12/2016 17:31,VIB: Bản công bố thông tin của Ngân hàng Thương mại cổ phần Quốc tế Việt Nam
30/12/2016 17:27,VIB: Quyết định chấp thuận đăng ký giao dịch cổ phiếu Ngân hàng Thương mại cổ phần Quốc tế Việt Nam
30/12/2016 00:00,"VIB: Ngày 09/01/2017, ngày giao dịch đầu tiên 564.442.500 cổ phiếu đăng ký giao dịch"
19/12/2016 13:38,Cổ phiếu ngân hàng diễn biến trái chiều
15/12/2016 10:46,Ngân hàng VIB sẽ 'tính toán' điều gì sau khi niêm yết?
12/12/2016 15:40,Ngân hàng VIB được cấp mã chứng khoán VIB
09/12/2016 09:50,VIB: Cấp giấy chứng nhận đăng ký chứng khoán lần đầu
03/12/2016 07:13,Ngân hàng nào đang “an toàn vốn” nhất?
30/11/2016 15:03,Lời hứa 'suông' của các ngân hàng
25/11/2016 07:57,Các ngân hàng thí điểm áp dụng Basel II đã thực hiện đến đâu: Kỳ 3 - VIB
09/11/2016 07:13,VIB hoàn thành tăng vốn điều lệ lên 5.644 tỷ đồng
20/10/2016 20:57,"VIB tăng trưởng tín dụng 12% trong 9 tháng, nợ xấu giảm"
19/10/2016 00:00,"VIB: 24/10, chốt DS thưởng cổ phiếu tỷ lệ 16,5%"
12/10/2016 09:41,VIB: Ông Hoàng Linh làm Quyền GĐ Ban Dịch vụ Tài chính
17/08/2016 14:08,Vụ chủ thẻ VIB mất 1.526 USD còn bị phạt 88 triệu: Ngân hàng chưa thu được đồng nào
09/08/2016 13:46,Lương thưởng ngân hàng: Niềm vui lớn của nhân viên VietinBank và cú sốc của 'VPBanker'
04/08/2016 13:00,"Lợi nhuận ngân hàng quý II: Kẻ cười, người khóc"
15/07/2016 16:51,VIB: Báo cáo tình hình quản trị năm 2015
15/07/2016 16:30,VIB: Ông Trần Nhất Minh đã bán hết cổ phiếu
15/06/2016 15:01,Ngân hàng VIB bổ nhiệm thêm 2 Phó tổng giám đốc
08/06/2016 09:00,"Lãi suất ngân hàng: Trống đánh xuôi, kèn thổi ngược"
20/05/2016 15:01,Ẩn số lớn nhất của NHNN trong năm 2016
06/05/2016 10:14,"Quý I, ngân hàng VIB giảm lãi 7,5% so với cùng kỳ"
28/04/2016 13:39,"ĐHCĐ VIB: Sẽ lên sàn vào năm 2018, duy trì cổ tức và cổ phiếu thưởng 15-25%/năm"
14/04/2016 10:10,"VIB: 28/4, tổ chức ĐHCĐ thường niên 2016"
14/04/2016 09:59,VIB dự kiến chia cổ tức và cổ phiếu thưởng tới 25%
04/02/2016 11:49,VIB tăng trưởng tín dụng 25% trong năm 2015
09/12/2015 00:00,"VIB: 11/12, chốt DS thưởng cổ phiếu tỷ lệ 100:14"
07/12/2015 14:14,VIB sắp tăng vốn lên 4.845 tỷ đồng
23/09/2015 13:32,VIB giữ vững vị trí dẫn đầu xếp hạng tín nhiệm của Moody’s
18/09/2015 08:25,Moody’s giữ nguyên xếp hạng tín nhiệm của 9 ngân hàng Việt
17/08/2015 13:05,Chi phí dự phòng “bào mòn nửa non” lợi nhuận ngân hàng
16/08/2015 16:28,"6 tháng, VIB báo lãi sau thuế 240 tỷ đồng, gấp đôi cùng kỳ"
31/07/2015 21:54,VIB công bố báo cáo quản trị 6 tháng đầu năm 2015
13/06/2015 09:56,Moody’s xếp hạng tín nhiệm mới cho 9 ngân hàng Việt
22/05/2015 08:09,Nhân viên ngân hàng tạo ra lợi nhuận gấp nhiều lần thu nhập
12/05/2015 17:58,Quý I/2015: VIB đạt 139 tỷ đồng lợi nhuận trước thuế
30/03/2015 12:07,Cổ tức ngân hàng hết thời tự quyết
27/03/2015 10:18,ĐHCĐ VIB: Năm nay có thể chưa niêm yết trên TTCK
17/03/2015 11:32,VIB đặt mục tiêu lợi nhuận trước thuế 655 tỷ đồng cho năm 2015
15/02/2015 00:00,"VIB: Lợi nhuận trước thuế đạt 648 tỷ, đạt 201% kế hoạch"
23/01/2015 10:42,“Đại gia” ngân hàng Trần Nhất Minh là ai?
22/01/2015 16:26,Ông Trần Nhất Minh và người nhà nắm giữ hơn 10% vốn Ngân hàng VIB
06/11/2014 17:35,"VIB: 9 tháng lãi trước thuế 234 tỷ, gấp 9 lần cùng kỳ năm trước"
22/09/2014 21:49,"Moody’s nâng triển vọng tín nhiệm của ACB, MB, Sacombank, Techcombank, VIB, VPBank"
03/09/2014 17:03,"Hệ thống chi nhánh, phòng giao dịch của các ngân hàng Việt lớn thế nào?"
13/06/2014 17:28,VIB tuyển dụng 100 thực tập sinh
29/04/2014 11:10,[Trực tiếp]ĐHCĐ Ngân hàng VIB: Vinashin còn nợ hơn 600 tỷ đồng
28/04/2014 09:34,"VIB: Tín dụng tăng trưởng 7,1% trong quý 1/2014, nợ xấu dưới 3%"
04/04/2014 15:15,"Ngân hàng Quốc Tế (VIB) tuyển dụng từ chuyên viên, quản lý tới giám đốc"
17/02/2014 11:52,"KQKD của VIB lạc quan trong quý 4, tổng tài sản tăng thêm 18% "
20/11/2013 12:27,VIB: Lợi nhuận 9 tháng giảm sâu vì trích lập dự phòng rủi ro
24/09/2013 20:29,VIB xin nới 'room' tín dụng lên 20%
17/09/2013 12:30,Ngân hàng VIB sắp xếp lại nhân sự cấp cao
04/09/2013 08:30,"Thu nhập ngành ngân hàng 6 tháng đầu năm: Người cười nụ, kẻ khóc thầm"
27/08/2013 10:14,VIB: Báo cáo tình hình quả trị công ty 6 tháng đầu năm 2013
27/08/2013 10:00,Những ai đang sở hữu ngân hàng VIB?
09/06/2013 11:17,"Về VIB, tân Tổng giám đốc Đàm Bích Thủy có tham vọng gì?"
07/06/2013 18:57,VIB được chuyển trụ sở chính về tòa nhà CornerStone
03/06/2013 12:22,VIB chính thức công bố Tổng giám đốc mới
24/04/2013 02:01,VIB: Tiếp tục chiến lược thận trọng
24/03/2013 20:20,Cựu CEO của ANZ Việt Nam sẽ về làm lãnh đạo tại VIB
12/03/2013 16:02,Nguyên Tổng giám đốc VIB về làm lãnh đạo tại Maritime Bank
12/03/2013 10:20,“Sóng ngầm” thay đổi nhân sự cao cấp ngân hàng
07/03/2013 12:11,VIB lãi hợp nhất 542 tỷ đồng trong năm 2012
17/01/2013 22:54,Hé mở bức tranh lợi nhuận ngân hàng
03/12/2012 07:03,Vay tiền mua nhà: Thận trọng khi ngân hàng 'đại hạ giá' cuối năm
22/11/2012 17:04,"VIB lãi 371,5 tỷ đồng trong 9 tháng, thu nhập của nhân viên tăng 10,4%"
29/10/2012 09:51,4 ngân hàng lọt top 10 doanh nghiệp nộp thuế TNDN nhiều nhất
28/09/2012 14:26,Moody's hạ bậc xếp hạng năng lực tín dụng của 8 ngân hàng TMCP
24/09/2012 09:28,'Khám sức khỏe' VIB: Chân ga cần có chân phanh
10/09/2012 09:15,CBA nói gì về chiến lược thận trọng của VIB?
20/08/2012 09:49,VIB dành 3.000 tỷ đồng cho vay cá nhân kinh doanh và bất động sản lãi suất ưu đãi 
17/08/2012 15:06,6 ngân hàng ‘cam kết’ 20.000 tỷ cho vay bất động sản
07/08/2012 08:54,Bắt giam nguyên giám đốc ngân hàng VIB chi nhánh Huế
04/07/2012 09:15,"VIBank cho vay mua, xây, sửa nhà lãi suất chỉ từ 9.9%/năm"
03/07/2012 08:16,"VIB cho vay mua bất động sản lãi suất từ 9,9%"
21/06/2012 18:49,"PTI: VIB đã bán 2,31 triệu cổ phiếu"
07/06/2012 15:31,VIB đăng ký thoái toàn bộ vốn tại PTI
04/06/2012 09:02,VIB ưu đãi lãi suất 14% cho doanh nghiệp thực phẩm và đồ uống
27/04/2012 15:25,VIBANK: trả cổ tức năm 2011 tỷ lệ 7%
20/04/2012 23:40,VIB: Năm 2012 đặt kế hoạch đạt 1.728 tỷ đồng lợi nhuận trước thuế
20/04/2012 13:37,VIB: Năm 2012 đặt kế hoạch đạt 1.728 tỷ đồng lợi nhuận trước thuế
17/04/2012 15:52,VIB: Thông báo lịch họp ĐHCĐ thường niên 2012
16/04/2012 22:47,3 câu hỏi “nóng” với lãnh đạo Ngân hàng VIB  
16/04/2012 09:17,Chủ tịch VIB: “Tăng trưởng trong thận trọng”
12/04/2012 16:00,VIB: 2011 trích lập dự phòng rủi ro tín dụng tăng gấp 3 lần năm trước
12/04/2012 13:38,VIB: 2011 trích lập dự phòng rủi ro tín dụng tăng gấp 3 lần năm trước
08/03/2012 17:15,VIB giảm lãi vay cho doanh nghiệp thực phẩm- đồ uống
06/03/2012 10:25,IFC tăng hạn mức tài trợ cho VIB lên 50 triệu USD
03/03/2012 16:36,VIB được IFC tăng hạn mức tài trợ thương mại lên 50 triệu USD
28/12/2011 17:11,VIB giảm 1% lãi suất cho cá nhân vay kinh doanh
21/12/2011 12:19,IFC nâng hạn mức tài trợ cho VIB lên 30 triệu USD
21/12/2011 11:29,IFC nâng hạn mức tài trợ cho VIB lên 30 triệu USD
15/11/2011 09:12,Truy nã nguyên Trưởng phòng VIBank Bình Thạnh
